id,split,label,language,midfiller,endfiller,synthetic,dataset
7865612c-102c-42ff-85bd-d82f3a7f61d3,train,0,fra,True,True,True,chirp3_1
ea8aefd7-4716-4632-b58a-c2340d935462,train,0,dan,True,False,True,chirp3_2
c272115e-1915-45b6-9d66-76133b5fd107,train,1,por,True,False,True,chirp3_1
bc44a499-de52-416a-a39d-cd898daca16a,train,0,fra,True,True,True,chirp3_1
a3d8312c-aea2-4885-8f0a-b7bb02fc918c,train,1,nld,False,False,True,chirp3_1
943544f5-3023-497c-aab8-6226cf4422f8,train,0,eng,,,False,liva_1
1f2b9774-675e-4ced-89f4-904dfdee713f,train,0,eng,False,True,True,chirp3_1
d1bd857c-6ad6-42c9-b776-528ae1553b3d,train,1,jpn,True,False,True,chirp3_1
d4b083b3-7e84-4bca-a6da-39fb5a4ba303,train,0,deu,True,False,True,chirp3_1
ea4fc77d-3aea-4570-9ef1-a9b4c9f68fff,train,0,rus,False,True,True,chirp3_1
d505fb99-3604-4cad-add5-a2dabfce8439,train,1,fra,True,False,True,chirp3_1
785dbe95-3de5-4c94-81e0-7e3ab60a71c2,train,0,vie,True,False,True,chirp3_2
ea6f3e83-8b37-4b01-ad38-29ec16f21b20,train,0,nld,False,True,True,chirp3_1
a3cb72c1-eb9d-477f-aad5-95447e9e4f57,train,0,ita,True,False,True,chirp3_1
9447598d-c1b6-457a-a18d-e57afe5841f4,train,1,fra,True,False,True,chirp3_1
1f2ad26d-eceb-476a-89ee-062f8177be8c,train,0,nld,True,True,True,chirp3_1
d4f32100-a3b7-4bd1-9e44-1d69f71cd92c,train,1,ukr,False,False,True,chirp3_2
93f9d57d-9e44-49e1-8991-6ae81f01687a,train,1,nld,True,False,True,chirp3_1
942bbb77-3ee9-410d-b5cb-a9bc451ad5ac,train,1,deu,False,False,True,chirp3_1
c2438d7e-39bf-4f65-a38b-b00b2556b831,train,1,ukr,False,False,True,chirp3_2
9a37685d-a736-4b27-9f8c-21daabe79883,train,0,fra,True,False,True,chirp3_1
1ed703b0-5e61-4e64-9c78-2d22026a0c72,train,1,ind,False,False,True,chirp3_2
ea86b61d-6d28-486b-b57a-27b794d02f70,train,0,spa,True,True,True,chirp3_1
945ac9e1-dd40-4ee0-8896-f66951b5a193,train,0,nld,True,True,True,chirp3_1
d50df6a1-1fe5-43ba-b9c0-068b224eff93,train,0,ara,False,True,True,chirp3_2
a3ed2fb8-2d2b-4378-ba24-89b0cf8e298c,train,0,kor,False,True,True,chirp3_1
9a534205-9aaa-469a-bf7b-f8b5700ae055,train,1,deu,True,False,True,chirp3_1
d1e17664-5beb-4e58-999a-6ee530bdd0a2,train,0,spa,True,False,True,chirp3_1
1ecd8b7c-30a0-442b-acab-e71145c26238,train,1,ind,False,False,True,chirp3_2
d1c17719-9bf2-4721-9589-0f9f5e40e5c9,train,0,dan,False,True,True,chirp3_2
d4fde414-9469-4cf5-a775-25ab02dd55c7,train,0,jpn,False,True,True,chirp3_1
bc30a4b1-b406-4319-a002-17e7ba7c3b1b,train,1,deu,True,False,True,chirp3_1
d1fce28a-6b4c-47e2-88b9-a1d91b0faa44,train,1,ben,False,False,True,chirp3_2
ea8a354a-707d-4603-b3c0-6eb2f0329d99,train,1,ben,False,False,True,chirp3_2
a3813ec1-4401-4282-bca9-708109cefbca,train,0,nld,True,False,True,chirp3_1
ea7b4946-0480-4c1d-96d9-126a8d74e82a,train,1,hin,True,False,True,chirp3_1
a3c12790-feec-4dab-a4f0-7542b74ccd41,train,0,ita,False,True,True,chirp3_1
eab01608-6723-4b09-816d-2fefb1f679ca,train,0,eng,True,True,True,chirp3_1
93f8c395-b35f-4c2d-8507-d0b415f6f70b,train,1,eng,True,False,True,chirp3_1
d4d91cfb-b810-4c57-8687-1ce011ae4e39,train,1,nld,True,False,True,chirp3_1
bc57edce-96aa-4eff-9656-9de88fde1ccd,train,1,rus,True,False,True,chirp3_1
bc577e3d-9a81-48ae-9361-3918e42ab5b4,train,0,eng,,,False,liva_1
c21a9bc6-59da-4ab2-b678-266ba999730b,train,1,rus,True,False,True,chirp3_1
7807a52a-1b05-4a7c-a799-3c605e0babbd,train,1,eng,,,False,liva_1
d50b78fe-e445-46ac-a656-278a9b6f41e6,train,0,eng,True,True,True,chirp3_1
d1d20d24-4008-4681-84bc-3c7f33b85a88,train,1,dan,False,False,True,chirp3_2
1ed5e943-6511-4da6-97ec-cf4e80b3d6cb,train,1,eng,,,False,liva_1
bc09f82d-703f-46b3-bdd7-04fbd12e6983,train,1,fra,True,False,True,chirp3_1
9a79dbec-5fb5-4225-b2b3-e8982eb959d4,train,0,zho,False,True,True,chirp3_1
9a7ad9a7-b69a-4af9-bcc9-d45a2d9eab91,train,0,eng,,,False,midcentury_1
d1fd9bc0-d9f5-46ac-b507-429b0e6d62be,train,1,eng,,,False,liva_1
93fbe8e5-b2ba-4e4b-9912-632f9a07dc8c,train,1,vie,True,False,True,chirp3_2
d1d17548-e976-4dd3-8411-92c00d464f42,train,0,ukr,False,True,True,chirp3_2
9a709c09-5602-4de0-8851-6d7b754bc95c,train,0,tur,False,True,True,chirp3_1
d1f44deb-3045-4df6-ad1b-b9f430c53eca,train,1,dan,False,False,True,chirp3_2
d18acf8b-d5cf-4b98-a23f-576a0f98571f,train,1,fra,True,False,True,chirp3_1
d4dc8089-f155-4d10-9286-b272ecd6f530,train,1,pol,False,False,True,chirp3_1
ea8e94c3-07e5-4054-975e-4fbff9103a38,train,1,ukr,False,False,True,chirp3_2
d4ec0bf0-287d-4fc5-8e59-9ca55d75603b,train,1,ita,True,False,True,chirp3_1
d18e3fa5-c84b-495c-b618-69c2de3ff5e0,train,0,hin,True,False,True,chirp3_1
940ef47a-007f-4024-8f2e-9b0f64295619,train,1,deu,False,False,True,chirp3_1
a396ce87-8be6-4783-803a-dac09f230f4f,train,0,vie,False,True,True,chirp3_2
1ede1ea4-d94b-4712-b0ff-c6ca9ea954c5,train,0,kor,False,True,True,chirp3_1
d1c5b0d7-ed3b-4bba-8e30-73d35796d41e,train,1,nld,True,False,True,chirp3_1
c2a34210-0ca5-4160-98ac-083b125e4745,train,0,zho,False,True,True,chirp3_1
c24da7f2-1a14-447c-bb76-3c0caf739ef7,train,1,eng,,,False,liva_1
d1ea7f00-dcd7-4cf2-b333-07394bc63722,train,1,eng,,,False,midcentury_1
1f05f40c-47aa-4f68-b270-92a4260da90b,train,0,rus,False,True,True,chirp3_1
d1e85cd1-4c15-48b7-a020-25b17957f2c3,train,1,nld,False,False,True,chirp3_1
78895574-03ff-453a-b038-8795e64f780a,train,0,eng,,,True,orpheus_midfiller_1
d5121111-6863-4cf0-ad0d-310a6a85ba5e,train,1,nld,True,False,True,chirp3_1
ea6da6ca-17ff-4a34-b857-2ac48e3f634d,train,1,jpn,False,False,True,chirp3_1
1f1a35d1-b86c-4ab2-afce-1a90223a18c2,train,1,ara,False,False,True,chirp3_2
9a9e1fc1-2249-441d-b3a1-b395a6c10be2,train,0,eng,,,False,human_5
ea871d8e-d439-4b88-af61-fef4a5df5656,train,1,rus,True,False,True,chirp3_1
d500748f-d365-4c4b-8d64-4cd5d8fcc7ec,train,0,mar,False,False,True,chirp3_2
1f472e1e-c836-44cd-afdf-ab03eb9a2951,train,0,eng,,,False,liva_1
d1b3b8b7-7412-48be-97f8-f3f70729185c,train,1,eng,,,False,liva_1
d4c5590b-8a16-48a8-8dd5-a3e6a82f4d7e,train,0,deu,False,True,True,chirp3_1
94213dd1-6108-4d4e-81c7-6bd629062cb0,train,1,tur,False,False,True,chirp3_1
1f495069-b31a-4be3-a90f-68c6d500b11f,train,0,eng,,,False,liva_1
ea81b114-2298-4ee0-a18b-41f6e5389cfc,train,1,zho,True,False,True,chirp3_1
9a644a0d-115c-45d9-b9ce-8504389ebc4f,train,0,kor,True,False,True,chirp3_1
bc48c05a-ee28-48a9-b1a2-c6999e0c9170,train,1,eng,,,False,liva_1
ea892e51-3dd8-4043-93e4-630fa4747202,train,0,dan,False,True,True,chirp3_2
9a53c2a7-475a-4675-b0a6-2bd9e62f381f,train,0,eng,,,False,liva_1
78232927-d619-4c6d-8617-22fd5a3ec32c,train,0,spa,False,True,True,chirp3_1
c292b09f-6f32-4e8d-9c42-298b40ba84eb,train,0,eng,,,False,liva_1
d1b65b2c-86a1-4b90-9fa6-bd9b4722f024,train,0,por,True,False,True,chirp3_1
d1c3b0a5-6868-49b3-b82d-5cc514f5605e,train,0,rus,True,False,True,chirp3_1
a3a7853f-94e9-4f4b-9ce7-b1de69bc18f3,train,1,eng,,,False,liva_1
d19e9e80-3119-492f-98ce-7b7059a62ae3,train,1,nor,False,False,True,chirp3_2
d4b662f3-086e-4313-b9de-fc48f854246c,train,0,mar,False,False,True,chirp3_2
d4fb3cb7-2807-4827-95cc-8d0f72f6ee28,train,1,eng,,,True,rime_2
945be926-41ac-4590-9fa9-b3af63f740cd,train,1,dan,True,False,True,chirp3_2
1f209c79-33a4-4c92-a3d1-42efd8534701,train,1,deu,True,False,True,chirp3_1
d189f112-f3a7-4cd1-b717-8b8f9946da78,train,0,fra,False,True,True,chirp3_1
ea5a4735-c11f-4463-b2c6-44b3886cecb4,train,1,nld,False,False,True,chirp3_1
d1c5c4b8-257e-4ce4-aa16-e10229b5b239,train,0,deu,True,True,True,chirp3_1
94487d10-212b-477b-b6f2-59fa01fde838,train,1,tur,True,False,True,chirp3_1
a3947499-4547-41d7-98a5-53a46ec01678,train,0,eng,,,False,liva_1
bc08153c-c9d4-41f7-82d9-1c9f9b914c34,train,0,eng,True,False,True,chirp3_3_short
1eff3b5d-d2b4-47da-acde-0c6ecc301fa1,train,0,eng,,,True,rime_2
9a9de4d0-1daa-4fd3-a951-ddf34050414a,train,0,jpn,True,False,True,chirp3_1
7880eb6f-bbb0-4292-be35-b549da069581,train,0,eng,,,False,liva_1
c28a43e5-0463-437e-9ac0-c0df1214324e,train,0,nor,False,True,True,chirp3_2
d2078f7f-6999-411e-820d-51ec2b3b7a7b,train,1,deu,True,False,True,chirp3_1
1f006869-4108-4cc6-b55a-d81dbc7a00db,train,0,rus,True,True,True,chirp3_1
1f159a54-f2c6-418f-80e7-fe84d6b48818,train,0,spa,True,True,True,chirp3_1
bc555e15-5705-4db3-9c5e-8b74c80975b2,train,0,ukr,True,True,True,chirp3_2
bc1b10db-332f-4af4-916b-40bcf976535e,train,1,eng,True,False,True,chirp3_1
93ee5dab-baf1-4e27-b33e-3fc31b353f3e,train,1,por,False,False,True,chirp3_1
c23726c5-9164-4e71-99aa-a730737fa5a2,train,1,por,True,False,True,chirp3_1
bc0d012b-131e-430c-bb44-97786e08e209,train,0,eng,,,True,rime_2
bc54cf21-6acd-4fea-b50b-218f00b8fd42,train,1,hin,True,False,True,chirp3_1
bc090c45-53fc-42f6-ad8a-10a102d72bc3,train,0,pol,False,True,True,chirp3_1
c268ca2a-9b18-4ad8-9e7f-e0b76e77ee6c,train,1,hin,True,False,True,chirp3_1
1eda0845-6f8a-4007-9067-7f94104c0874,train,1,eng,,,False,midcentury_1
bc52356a-397d-43ce-9cee-54b9ec107d68,train,1,spa,True,False,True,chirp3_1
eabb32ba-a983-4196-8b49-a6e0b50d79df,train,1,rus,True,False,True,chirp3_1
d4af3058-acc1-4f35-af0e-9d1da91a207c,train,0,fin,True,False,True,chirp3_2
c2b10d08-635d-4c5c-947a-df24ebc2d307,train,1,dan,False,False,True,chirp3_2
bc219b0f-ea7b-4ccc-aeef-59d620aaf271,train,0,fin,True,True,True,chirp3_2
1f4ddc04-fa09-4b6c-a740-23d371ecce96,train,1,nor,True,False,True,chirp3_2
bc2780e1-463d-4cc4-9ed5-8bd0cc55d9ba,train,0,nld,True,True,True,chirp3_1
d4aee419-7e2b-406e-bf8e-6eda9e309918,train,1,mar,True,False,True,chirp3_2
ea7f65bf-9c2b-4d3b-aa27-e120372b15c5,train,0,ben,True,False,True,chirp3_2
7838fc0d-8a4b-4d3c-8b01-7f12b514d392,train,1,pol,True,False,True,chirp3_1
9a8064e8-ea74-4f4d-b0fe-491c3b2d8c30,train,1,hin,False,False,True,chirp3_1
d1b18332-c5f6-4050-a2ca-c12c5bf0b297,train,0,eng,,,False,liva_1
bc5ea336-e9c7-4340-8714-711ad54e8fbd,train,1,nor,True,False,True,chirp3_2
bc232d3d-2e2f-43e3-b96c-c03c8b1c4fcb,train,1,nor,False,False,True,chirp3_2
ea388645-026e-4ad6-ba26-6e58ca1c596d,train,0,dan,True,False,True,chirp3_2
c264c250-d162-4347-a1b8-f02a37fbe1f4,train,0,ara,False,True,True,chirp3_2
d1aabfce-823f-4fe3-9b23-02fc37fd43ca,train,0,ind,True,False,True,chirp3_2
7871c886-3dc4-4da9-9185-a2b40828d703,train,1,fra,False,False,True,chirp3_1
bc2b07bd-ab39-45be-9bdc-4577f354959c,train,0,eng,,,False,liva_1
d19e97b7-461f-456a-bcb2-a9311b03d387,train,0,rus,True,False,True,chirp3_1
c2258c27-0c73-428a-ae46-5bbb648584c8,train,0,deu,True,True,True,chirp3_1
9430ee6e-aed2-4c28-a400-4bd56209a5ff,train,0,pol,False,True,True,chirp3_1
c28d1c4e-452a-4c6b-938f-d2244dbe6b54,train,0,rus,True,False,True,chirp3_1
780f10fe-b835-4a22-a84d-b9c482ce4612,train,1,mar,False,False,True,chirp3_2
786ebed6-67d8-462f-8037-2f3d00648194,train,0,eng,,,False,liva_1
9a6dba49-78f0-495b-8920-4fcf895d230f,train,0,tur,True,True,True,chirp3_1
9a4a8d12-ad21-4e48-b872-12ce0464d1a1,train,0,ita,False,True,True,chirp3_1
eaab22a8-23b4-49f2-baf7-241dd37dd4c4,train,1,hin,True,False,True,chirp3_1
a3cbfcf7-9ce5-47a7-af1a-b437a2a887c6,train,0,nor,False,True,True,chirp3_2
bc32a36d-388c-4a25-9807-3e839e29d3c0,train,0,eng,,,False,liva_1
c298fd84-de96-447b-8643-28aafa3cf96e,train,1,por,True,False,True,chirp3_1
781bbdd7-5f3a-42d9-88b1-e0fdd1aecaa0,train,0,eng,,,False,liva_1
ea3f2c3a-7ede-44e5-8418-33786260cecc,train,0,fin,True,True,True,chirp3_2
eab6e2ce-56ea-472c-acea-8d9ec8b2e151,train,0,fin,False,False,True,chirp3_2
1f27748c-3257-4132-a73d-f1e19c921360,train,1,spa,,,False,mundo_1
9a92a367-f30c-4a80-9a46-ac33048cdad8,train,0,eng,False,True,True,chirp3_1
7858d38b-a8a6-48f6-bfaf-942c8367c240,train,0,nld,True,False,True,chirp3_1
1f0c148a-dffd-4b3e-9106-c5e8d784a066,train,0,eng,,,False,liva_1
1f2042d7-1db5-42d1-abf6-b8942f7a695c,train,0,jpn,True,False,True,chirp3_1
780e14de-75e8-40f9-b6b9-d9263a582d1f,train,0,nld,True,False,True,chirp3_1
7857cd32-04cf-4b33-b726-a046b82f2266,train,1,dan,True,False,True,chirp3_2
a39e7461-4f36-4a8e-9818-efad49dd6594,train,0,nor,True,False,True,chirp3_2
a39c43f5-0395-4808-8c02-d42a3a0e547f,train,1,eng,,,False,liva_1
a3a10a5d-868f-480d-adcf-c3253728677e,train,0,por,False,True,True,chirp3_1
7875fd05-d3d5-4ddd-ac3f-ced3e6f9d123,train,1,spa,True,False,True,chirp3_1
785885a9-f4ae-489c-9cc2-683c0d48bc3a,train,1,eng,,,False,liva_1
bc4bd229-8ca2-4634-bdcf-05d4c3830141,train,1,por,True,False,True,chirp3_1
bc370ca6-fd74-408e-8ccf-ad65be0a2646,train,0,fin,False,True,True,chirp3_2
d1a498d3-ff03-461e-a2cb-2e80393f0c1e,train,1,ara,False,False,True,chirp3_2
bc3f2863-7ad7-4c7f-b305-fa186058d9b5,train,0,por,True,False,True,chirp3_1
d4d20ed8-b216-4ff9-b6f8-579a682e92a7,train,0,por,False,True,True,chirp3_1
78089593-0bb1-47b2-8ce5-ae53398055db,train,0,deu,True,False,True,chirp3_1
c24bdaa8-117c-4758-9b85-acf3ee33d4e6,train,0,spa,False,True,True,chirp3_1
9a90571b-f541-41b3-a1c3-177b76c26644,train,1,fin,True,False,True,chirp3_2
c2895567-a575-44d5-9103-393829f1f3fb,train,0,hin,False,True,True,chirp3_1
78086b26-1a12-4e3f-8a9d-beb42764b155,train,0,eng,True,True,True,chirp3_1
786604ff-6405-4b52-9397-89070d000006,train,0,eng,,,False,liva_1
9a37bce3-0821-436c-bdab-0a7440c1a0e2,train,1,por,False,False,True,chirp3_1
d20a180a-5737-4a64-bbda-2992bad8ad01,train,1,hin,False,False,True,chirp3_1
1f2d5952-8b6c-4012-b865-68e379f12d26,train,1,hin,True,False,True,chirp3_1
9a6d78b8-5b44-4df6-bb34-afe184cae584,train,0,spa,,,False,mundo_1
1f0b92bf-f723-463d-bdee-872d145462bf,train,0,hin,True,True,True,chirp3_1
d1a7e2ed-8bdc-4985-a427-aed3120ff84f,train,1,ara,True,False,True,chirp3_2
d1d5bd88-cc84-4512-a89b-384fba5a38d3,train,1,eng,,,False,liva_1
c2a5e649-882e-436a-b513-ac504f75b76b,train,0,ita,False,True,True,chirp3_1
ea9bdd93-b391-4a8a-92cf-95c84d24739c,train,1,hin,False,False,True,chirp3_1
944df512-af8c-4f8f-9dec-c0079901a937,train,0,eng,False,True,True,chirp3_1
a39cc883-25d9-420b-99e0-0cebbd777835,train,0,deu,False,True,True,chirp3_1
bc4c11f9-6cb3-47a7-8df6-cea0878d413e,train,1,hin,True,False,True,chirp3_1
942d8e24-280d-4e47-b6ed-b9c268ff1acf,train,0,rus,True,False,True,chirp3_1
a39f3283-adad-49e5-8ab9-fc9b558027e5,train,0,spa,True,True,True,chirp3_1
d1b2f28e-5f90-496b-aed7-340b8a521bff,train,1,spa,False,False,True,chirp3_1
9a504b0f-32cd-4d66-ae54-613a36e20e51,train,1,por,False,False,True,chirp3_1
d4dd98d7-2fba-445e-a86d-cfcbe26ba47c,train,1,eng,,,False,midcentury_1
a3a7e10a-d0a6-41e0-b959-4f37c0145d97,train,0,spa,,,False,mundo_1
a3b4acbd-de6b-4285-aff1-176b352c8ff7,train,1,por,True,False,True,chirp3_1
781f5da0-b7b4-4e92-9ef3-7f5ad448d239,train,1,kor,False,False,True,chirp3_1
7811e276-3ce0-451a-b8fc-2c8878d959e2,train,0,eng,True,True,True,chirp3_1
a3e22138-4bcc-4d27-9d2e-f87d87140897,train,1,deu,True,False,True,chirp3_1
9a899ecb-2c5b-4ece-97f0-8f6bb1b52972,train,1,spa,False,False,True,chirp3_1
bc089416-94bf-4577-9f22-f44e8775e74f,train,1,vie,False,False,True,chirp3_2
d1921414-d16f-4cf0-b2ee-a8ebe0e82558,train,0,mar,True,False,True,chirp3_2
eab28c74-a4e6-4c2a-afaa-d355193ad1e8,train,1,spa,False,False,True,chirp3_1
a37f034a-f50b-44e8-a01e-c90139443a0e,train,0,spa,True,False,True,chirp3_1
a37f702a-ac98-438b-a879-ff18c708ff18,train,0,eng,,,False,liva_1
a3c37b9d-9a90-4494-b11c-d8bdff98c43d,train,0,eng,,,False,liva_1
7882f69f-bab5-4b31-9e14-eb32df774f4b,train,1,ind,False,False,True,chirp3_2
1ecafd68-0e5a-44c2-b538-26269952340e,train,0,zho,True,False,True,chirp3_1
1f4338ee-2847-428d-b697-8c38fd065b70,train,0,spa,False,True,True,chirp3_1
d4cc00b7-0201-467f-8954-cf8d6d6d48bc,train,0,spa,,,False,mundo_1
78300ad4-81cc-4128-bb38-3a0bbb012c1d,train,1,ukr,False,False,True,chirp3_2
942933dc-db89-46d1-aae1-3365e7a9003a,train,0,spa,,,False,mundo_1
c2740b7f-8e10-4dd0-bbcd-b3e2c12fb9e7,train,1,nld,False,False,True,chirp3_1
bc15fbbb-3084-4dd2-a7d6-e5db0a22d973,train,0,mar,True,False,True,chirp3_2
bc6d1c68-182d-4a92-8f17-f65604145c91,train,0,eng,,,False,human_convcollector_1
1f1948bc-a200-415a-a513-ff28078bcc1f,train,1,eng,,,False,human_convcollector_1
a3cdf677-9204-45ba-91a0-fe46f8f0f567,train,0,rus,True,True,True,chirp3_1
bc7b5557-d7ad-4e81-9a74-e3b5526259d2,train,1,hin,True,False,True,chirp3_1
d4a8dc78-b685-4013-8d47-be6c2b74cb94,train,0,tur,True,False,True,chirp3_1
d4c33f39-7b08-451c-a40b-abbb83c7e37f,train,0,nld,True,False,True,chirp3_1
ea6ecdbe-9e6c-4ea0-8c69-d1073ae702f6,train,0,eng,,,False,midcentury_1
d4fa3c6a-bc0a-40c5-a42e-4f8f5705de3a,train,0,eng,,,False,liva_1
943e87ac-30a1-482f-b5c9-6b110670cb48,train,1,eng,,,False,midcentury_1
78176d44-b424-41e1-89ef-e7d7437b3e54,train,0,nor,False,True,True,chirp3_2
7852b2f5-2930-47c7-b965-ac5695bd6e00,train,1,deu,True,False,True,chirp3_1
a3918ebd-5d9d-43d7-9784-65a2c001321d,train,0,por,True,False,True,chirp3_1
a39f7e44-0780-48b6-96f9-ab62f61f6d86,train,0,spa,,,False,mundo_1
781b4a32-48fa-4f86-aa15-7c3e7aefa916,train,1,spa,True,False,True,chirp3_1
d4d8ce56-bb48-4a9a-b5b2-906e3644a943,train,0,pol,True,False,True,chirp3_1
ea521598-8e0c-486a-8b69-032bc4f9c450,train,0,tur,True,False,True,chirp3_1
9a9a819c-ca0f-4aa2-b3c4-0dd49b99adb5,train,0,fra,True,True,True,chirp3_1
1f1445ad-8ecd-4522-ab43-c4d7ee42e0e9,train,0,fra,False,True,True,chirp3_1
a3bbddb8-f9e5-4c89-9db8-68e6fc885d73,train,1,ind,True,False,True,chirp3_2
93f6f1b5-7674-4fe0-964a-a660c10b1f49,train,1,ara,False,False,True,chirp3_2
ea689a8f-ef9c-4a8a-bc96-9103dcabbc81,train,1,tur,False,False,True,chirp3_1
c22001c0-f015-45bd-85eb-5705055e0d5c,train,0,rus,False,True,True,chirp3_1
bc508773-2994-4b17-8f09-b26ca68dd947,train,1,ben,False,False,True,chirp3_2
bc314fde-5a9c-44e5-82bc-daaa09ebd10e,train,0,rus,True,True,True,chirp3_1
c27cc46f-2aee-4321-b5b8-8687ac4f87e4,train,0,eng,,,False,midcentury_1
9a95902e-0a4b-4cef-9c7b-6bc0b5011bc6,train,0,ita,True,True,True,chirp3_1
ea7da204-3aa7-43f6-8a8e-12defad6371e,train,1,deu,True,False,True,chirp3_1
bc35d1b1-dfd0-454e-8a16-926dc9419ae2,train,1,dan,True,False,True,chirp3_2
1f30b3cb-2ba7-434e-8386-14f56f2e1e2e,train,0,fra,False,True,True,chirp3_1
9a5be903-6616-47ea-8ee8-741e3211ea15,train,1,eng,True,False,True,chirp3_1
a37b7df3-25d3-475e-a305-356bf199cc19,train,0,ukr,False,True,True,chirp3_2
c21940d3-11c9-4069-8673-f72dcae293ce,train,0,eng,,,False,liva_1
93f9b493-a41e-486b-b379-cb48685ad638,train,0,spa,,,False,mundo_1
7836c464-11fc-4bd8-b587-5a8b4c83af74,train,0,kor,False,True,True,chirp3_1
bc23dffe-5500-44d7-acec-3ea6ec8e447b,train,1,por,True,False,True,chirp3_1
9a47ea8f-e22e-41dd-b7cb-20661cbb95be,train,0,eng,,,False,liva_1
1f431021-036b-462a-9dad-88bdb37e6b26,train,0,dan,False,True,True,chirp3_2
bc25700c-82bc-430d-b711-3b5b123a93c1,train,1,deu,False,False,True,chirp3_1
ea641229-0e91-47c6-943f-5b29ec3d3bdc,train,1,ind,True,False,True,chirp3_2
784b072f-8911-4ab4-b154-d71ddabf96f0,train,1,nor,False,False,True,chirp3_2
bc01a911-c748-47d9-9ab2-5555bb261254,train,0,nld,True,False,True,chirp3_1
ea886b7e-23e5-4ce8-ada0-adebb33317c6,train,0,ukr,False,False,True,chirp3_2
1f2ab51e-97c8-4294-be48-d451b79cfacd,train,0,nld,True,True,True,chirp3_1
bc304295-c233-4a29-bde6-0f275882dc2b,train,1,deu,False,False,True,chirp3_1
a3cfa4ed-236c-4842-b9f5-5dbb967267d7,train,0,spa,,,False,mundo_1
bc378593-fc2c-4b97-8966-c674e0e5ddb1,train,1,pol,True,False,True,chirp3_1
9428c0e7-1362-4b4a-8fd6-e039a1c05681,train,1,eng,,,True,rime_2
1f4fea60-af94-4366-81f7-9bbe2be7982d,train,1,ara,False,False,True,chirp3_2
eaa78541-ee51-476b-83a8-0f986b77b79c,train,1,ara,True,False,True,chirp3_2
ea6cd3a3-0db8-4eb2-acc0-4ae78a7da661,train,0,eng,,,True,rime_2
1ece136f-8f7c-44f8-b957-31ec4045e542,train,0,pol,False,True,True,chirp3_1
d20690f8-cdc8-4cb6-b800-4d783451faf0,train,0,fra,True,True,True,chirp3_1
d50567fe-7b4d-4532-9c75-fe44710a6607,train,1,nld,True,False,True,chirp3_1
d1d835d2-eff0-4e47-a4f4-f9cfb4643223,train,0,rus,True,False,True,chirp3_1
7831636c-d92f-4d16-b95f-a3cce9ce53cb,train,0,por,True,False,True,chirp3_1
93f5d2e6-f01d-4abb-a163-ce1fd466d39f,train,1,por,True,False,True,chirp3_1
d194527a-06ca-4f40-b26c-9b8bf1ee8d36,train,1,spa,,,False,mundo_1
9ab4eb6d-fb10-423d-8435-2341b48e4410,train,1,hin,True,False,True,chirp3_1
93f83504-2b3c-44d1-b816-e0e8262a03a4,train,0,spa,True,True,True,chirp3_1
bc25815b-b3ea-4025-8e2f-126d1801a904,train,0,rus,False,True,True,chirp3_1
d4aaacc3-495b-4b93-b9e1-80e4702196fe,train,1,por,True,False,True,chirp3_1
ea53e7cd-8730-4547-976b-4cc7521fe8e0,train,1,spa,True,False,True,chirp3_1
a388cce3-1d7e-4c99-9e9d-1ee408e73589,train,1,eng,,,False,human_5
a3b16ef7-7c71-4d49-bf91-e78147322f3e,train,0,spa,,,False,mundo_1
1f1cdc9e-c271-4c3e-aa86-3b7bad484b64,train,1,kor,False,False,True,chirp3_1
d19c75ad-9b6a-45f4-bc4e-f80ec068ed35,train,1,por,True,False,True,chirp3_1
1f37324a-7a28-4f9b-9e39-961b8e7aef9a,train,1,fin,False,False,True,chirp3_2
946bde3f-87b7-4b06-a66e-a7b03553554c,train,1,ara,True,False,True,chirp3_2
bc32199b-04db-4c9e-b7cf-6ba923d95e47,train,0,mar,False,True,True,chirp3_2
ea36265b-72d8-4ab9-b98b-22076c3d1de0,train,0,rus,True,True,True,chirp3_1
d4f716c3-0534-4e7e-b0cc-c7f88e084b39,train,0,jpn,False,True,True,chirp3_1
9a42c5b9-9910-4a7b-b485-98d7f5246f4f,train,1,eng,,,False,liva_1
7879ff43-736f-478a-a02b-b8b4b6f0b475,train,1,fin,False,False,True,chirp3_2
1f272076-e82c-4041-bb6a-fe32e0561d99,train,0,fin,False,False,True,chirp3_2
941d766c-b2ef-46bb-afb9-e5d29400916f,train,0,eng,,,False,liva_1
9413c88e-2898-46aa-b27b-8fe6c37db85d,train,1,zho,False,False,True,chirp3_1
9a37f5c6-655c-4c9e-ae63-133d07918f5f,train,0,hin,True,True,True,chirp3_1
9a8ee5a5-033e-480a-98bc-4fe76c6af984,train,0,ukr,False,False,True,chirp3_2
78255cd9-b2db-418d-81d0-744f6730729a,train,1,zho,False,False,True,chirp3_1
c23a8537-19f7-40a6-8e28-678156e9dc8a,train,1,eng,False,False,True,chirp3_1
bc36bcaa-1c69-49ca-9f89-42e910712e86,train,0,spa,True,True,True,chirp3_1
d4d65afa-bf3c-45e1-a3c3-863c58c5cfd6,train,1,deu,True,False,True,chirp3_1
78632839-d276-402c-83af-2ee4d72a6bfe,train,1,ita,False,False,True,chirp3_1
d4e00755-3050-4ba5-b776-84647373cc03,train,1,ind,True,False,True,chirp3_2
9a8eadf2-1186-451d-9712-8978fb87c4bb,train,0,kor,True,False,True,chirp3_1
c2a0f2ff-3669-4111-bcd2-10c9022d7540,train,0,fra,False,True,True,chirp3_1
1eecaf2e-6cae-4d05-b5b6-bb13f7f948d8,train,0,hin,False,True,True,chirp3_1
c2274dd8-86c0-4e98-9d2a-415fb07ec9e9,train,1,vie,True,False,True,chirp3_2
d4e31fe7-fcc2-4813-a72e-b881cd67d48d,train,0,spa,True,True,True,chirp3_1
9440a66b-f1e3-45c9-a48a-3d8449a8a8c7,train,1,tur,True,False,True,chirp3_1
d4cf35af-acf4-460b-8423-29eeb3cedbf3,train,0,dan,True,False,True,chirp3_2
7840cafa-8308-40f9-a431-9266b6de5cc3,train,1,jpn,True,False,True,chirp3_1
7835c38e-9e00-43df-a00b-dffd1efbf456,train,0,eng,True,True,True,chirp3_1
1f22309b-73ff-4e2a-a2f2-8217ad03473f,train,0,kor,True,True,True,chirp3_1
bc18d620-bb88-493e-b2ff-541c4db61cf3,train,0,spa,True,False,True,chirp3_1
9a8d211c-b8a4-4709-b51a-120c684c0121,train,0,fra,True,True,True,chirp3_1
c29ebf56-346f-48c9-a129-885bb986be61,train,1,rus,True,False,True,chirp3_1
d4e5f154-f397-455f-8d2c-96ee80353851,train,1,rus,True,False,True,chirp3_1
d1bc9919-b9e2-4ddc-8a35-cd7033baf3c9,train,1,spa,False,False,True,chirp3_1
a377f654-82bf-4cb2-aa32-fb37748b1498,train,1,ben,False,False,True,chirp3_2
ea7f18bb-4bdc-4c1e-a83d-a0904ef87f62,train,0,dan,True,True,True,chirp3_2
1f41676c-971c-4da0-9b37-f1b494d4f6a5,train,1,eng,,,False,liva_1
c251d87b-38a9-461a-ab54-63a58afdf7fe,train,0,eng,,,False,midcentury_1
a3a66bd1-29a1-4688-bcf6-c9a9ea4a5069,train,0,eng,,,False,liva_1
9a80c87c-bb88-44f5-9c2a-7292ddc0ea9f,train,1,eng,True,False,True,chirp3_1
c24c6c6a-e8de-4ba6-ab11-7128dd095aea,train,0,ukr,False,True,True,chirp3_2
a3bc54ba-c332-4050-9ee8-7a75f3cc045e,train,1,eng,,,False,liva_1
d5051149-d702-4187-9d73-7ba06acc83e6,train,1,eng,,,False,liva_1
942f2bc6-74e3-433c-bb86-81bcf8dacc47,train,1,eng,True,False,True,chirp3_1
1ee12840-53a5-4f24-8d1a-499b3b3ba0aa,train,0,nor,False,True,True,chirp3_2
bc646a0d-7c32-4238-a12a-5f0dfd451936,train,1,pol,False,False,True,chirp3_1
bc6d8c9b-50b9-4ea6-88c0-7e9376b9aa10,train,1,eng,True,False,True,chirp3_1
d4bfae73-e4e7-4c78-9db6-4a333e49fa22,train,0,eng,,,True,orpheus_endfiller_1
d514294a-ad9f-449a-b50a-f4252b554194,train,0,ind,False,False,True,chirp3_2
943fa3f4-facf-4ecc-ae2f-709eff346f81,train,0,rus,False,True,True,chirp3_1
eaab936a-e90d-4ada-9d43-45926292b4db,train,0,pol,False,True,True,chirp3_1
bc40ed2b-f341-47c4-aefc-fbec747a35e7,train,0,jpn,False,True,True,chirp3_1
7848c6ca-105b-48c0-98f1-322fe9a2b305,train,0,ukr,False,True,True,chirp3_2
d4e0113c-fba5-4898-9926-cacaf6b74111,train,1,ind,False,False,True,chirp3_2
9a6055de-b57b-41c2-af26-e40c9e183df5,train,1,por,False,False,True,chirp3_1
c23689d8-25c2-434e-8585-5b77a080866b,train,1,mar,True,False,True,chirp3_2
c285ab18-99ee-40f8-b0a2-1eb53e327eda,train,1,nld,False,False,True,chirp3_1
d4f3bd10-2fe5-478d-a7bc-cf9973d99782,train,0,por,True,True,True,chirp3_1
781667cf-0178-4751-aebc-1a3a8101f166,train,0,spa,False,True,True,chirp3_1
a3fecd8b-bf31-4e5c-a53b-21bda0286c57,train,1,nor,True,False,True,chirp3_2
d4e60a1e-046c-4e51-89da-e818607ecf98,train,1,spa,False,False,True,chirp3_1
787ef808-b469-43a7-a4c8-ed9b84e548d6,train,0,rus,True,True,True,chirp3_1
782f3b07-98d4-4505-b6d2-5f401f632f79,train,1,nor,True,False,True,chirp3_2
c21f51eb-c2b4-4362-b407-95a313305284,train,0,rus,True,False,True,chirp3_1
d4b692d5-4dbe-4cba-9252-df2b80164edc,train,1,ara,False,False,True,chirp3_2
c22e41ac-2f58-450d-afcf-ab10ef859881,train,1,fin,False,False,True,chirp3_2
a3bc6dca-79cd-4cc1-bd13-60e69004218a,train,1,rus,True,False,True,chirp3_1
d4eb53e1-5319-4c58-9ddd-966cb4a863ca,train,0,por,True,False,True,chirp3_1
947550ba-4e4b-4a10-9e86-f2ef4bed52fc,train,1,eng,,,True,orpheus_endfiller_1
d4b061c2-04cf-48a1-bbbd-abead47e3a6d,train,0,tur,False,True,True,chirp3_1
94506dc5-b6f0-41a5-b531-63b135707cc0,train,1,eng,,,False,midcentury_1
9a924577-03b5-4b25-8ba0-974860d65e86,train,0,spa,False,True,True,chirp3_1
eaa8a8ee-a8e1-4ded-9a82-2260dc4975b9,train,1,eng,,,False,human_5
7871a0b0-fe77-467e-882b-135636fb837b,train,1,fra,True,False,True,chirp3_1
c23d85c0-13e5-4bed-8e43-75591dc29013,train,1,pol,False,False,True,chirp3_1
a3db3e99-0b4c-45aa-9950-b5775c9d3fa3,train,1,deu,True,False,True,chirp3_1
c29a60e0-ae21-48de-8334-8d197aa80008,train,0,kor,True,False,True,chirp3_1
1f1bf4cb-4f48-43c5-a84d-79e93004d1d9,train,1,ukr,True,False,True,chirp3_2
eaa5bc3d-7bc6-4d81-a337-e82618564aa3,train,0,eng,,,False,human_convcollector_1
d1eff503-8669-41d3-991c-f52344057744,train,0,eng,,,False,liva_1
bc10c6d2-e6a0-4c61-93c0-242914f588da,train,0,fin,True,False,True,chirp3_2
9a491aa4-7c63-462d-93af-81501794b1bb,train,1,ita,False,False,True,chirp3_1
c280449d-f0b3-4244-afc5-92b466d59b4b,train,1,spa,,,False,mundo_1
c23d8a58-cffd-4ce0-bc71-749c3e30f826,train,0,fra,True,False,True,chirp3_1
a3ec166e-dde7-41c2-8c4b-17a7ebf10399,train,0,fin,True,False,True,chirp3_2
bc3417b5-ee78-43a6-94fa-86f02f09f5a9,train,1,eng,,,True,orpheus_midfiller_1
eaa7f4dc-881c-4f68-b294-3431ebf8a06c,train,0,ukr,False,True,True,chirp3_2
bc34e2ce-ff84-41fa-acb1-8bef6951c72f,train,1,ind,False,False,True,chirp3_2
ea9031dd-44a0-4b35-a740-1c72620e8084,train,1,fra,True,False,True,chirp3_1
d50f89c3-5134-461e-8e2c-58dfa27b662f,train,0,mar,False,False,True,chirp3_2
d5105295-4c3b-400f-b5c4-297e130e3be6,train,0,eng,,,False,liva_1
ea94565c-90cb-44e3-9987-a3392d3f6782,train,0,spa,False,True,True,chirp3_1
c23ecbca-6042-4960-ae22-4447495e0e10,train,0,pol,True,True,True,chirp3_1
787a5ac8-7666-40dc-8066-00e02ef99e52,train,0,dan,False,True,True,chirp3_2
1f22e82e-6152-4bc9-9d59-dd754fa33934,train,0,spa,True,True,True,chirp3_1
eaa387b3-39a0-4fca-9a4d-83964c72b83e,train,1,spa,True,False,True,chirp3_1
bc116eb5-5837-4db9-ac39-c1b32b4c1b99,train,0,eng,,,False,liva_1
d4daf2f6-f64f-428d-b8d4-9c30b6e5c3dc,train,0,fin,True,False,True,chirp3_2
94525a13-8984-47aa-a7d0-bad3041ac50d,train,1,hin,True,False,True,chirp3_1
a3cb32b1-d620-4051-9f19-3b00d2fe9c3b,train,0,eng,,,False,liva_1
1f1eea2e-31ff-4add-8584-2d1b0ea54642,train,1,por,True,False,True,chirp3_1
1f057f29-72ae-4170-a81d-cddbec48cbb8,train,0,deu,False,True,True,chirp3_1
d4c65399-3148-4cbd-874d-2b7125b0d554,train,1,vie,False,False,True,chirp3_2
a3b20670-2028-44de-a6cf-831e353a63db,train,0,spa,True,False,True,chirp3_1
d1ff0903-6c42-4b52-9665-893e1fb45e1b,train,0,eng,,,False,liva_1
93f67844-ac84-4aec-8414-2044a8dd3934,train,0,eng,,,False,liva_1
d4f4a415-e8c0-4184-931b-982cbd044193,train,1,eng,,,False,human_5
781d977d-27d2-427b-9615-2d60fc3618d0,train,0,por,True,True,True,chirp3_1
d4d3736a-e6bd-4c4d-b9b7-9d24d5638841,train,1,eng,,,False,liva_1
78669db5-8451-43e2-b54f-9b9c7cfce942,train,1,hin,False,False,True,chirp3_1
7804ffef-f261-48bb-8333-369d7f7ed9b3,train,1,rus,True,False,True,chirp3_1
a3ab0015-552f-42a6-aac0-6569033d0e2a,train,0,tur,False,True,True,chirp3_1
a37c2e95-7d83-4e79-866d-8cf5342e9a86,train,0,ben,False,True,True,chirp3_2
eaa7bdba-0903-4abb-84c6-5f334bdcd433,train,1,ara,False,False,True,chirp3_2
ea5383bd-85f3-4791-a51b-7469a86f3948,train,1,por,True,False,True,chirp3_1
785439be-7d92-4347-b456-24abb2f2b54f,train,0,eng,,,False,liva_1
d507cce8-acdc-4e1f-87d6-e4582f9ab20a,train,1,eng,,,True,orpheus_endfiller_1
d1f37d23-6fcf-4ef5-bcf4-c71231dfd2aa,train,0,ind,False,False,True,chirp3_2
d1e3e13c-bfa5-4056-9d29-df34140a7832,train,1,eng,,,False,midcentury_1
d1f448d7-68af-40c1-9299-fe3a040229b6,train,0,deu,True,True,True,chirp3_1
a3782251-5703-4d1d-8d89-77c54f09ffe1,train,0,eng,,,False,liva_1
784fb531-f7b0-428e-94bb-24c185fc513a,train,0,eng,,,False,liva_1
1f10764f-9d35-4713-b673-575e5f567ee7,train,0,eng,True,False,True,chirp3_1
1f08bf05-3a0d-4b0a-a0a7-54c4e7d66962,train,1,fin,False,False,True,chirp3_2
d1bca060-61c7-44c8-950c-edeab3ca2daa,train,1,mar,False,False,True,chirp3_2
bc5e0c82-5ba6-4912-a6ac-926c3b1bbb4f,train,0,mar,True,True,True,chirp3_2
c26a20df-fdbf-4192-b1c2-356d5e999bc8,train,1,fra,True,False,True,chirp3_1
bc03bac4-8a97-4428-88cc-3cab4fe14fdb,train,1,ita,True,False,True,chirp3_1
9a647404-859c-4d71-b73f-27a1e842df5b,train,1,por,True,False,True,chirp3_1
d4e98710-0be9-4f40-84d5-f5e1da61cdf6,train,1,eng,,,False,liva_1
d1a0700b-d585-4849-8091-e550fe041a2a,train,1,deu,True,False,True,chirp3_1
bc15e183-65b0-4363-a4c6-42cfce34f57b,train,0,eng,,,False,liva_1
d1b4ea0b-0c1f-4383-b2ec-24b083dcd28b,train,0,eng,,,False,liva_1
9410d8db-7691-4bb0-a09b-807e620732d2,train,1,tur,True,False,True,chirp3_1
d50983cf-caf1-4c81-b837-60464f5e529e,train,1,eng,,,False,liva_1
940f0651-b6f2-459e-af91-d269fccdf4d1,train,0,rus,False,True,True,chirp3_1
bc66ec1b-b88d-4f38-9572-3dc7489ba762,train,0,deu,False,True,True,chirp3_1
c294de6f-d23d-4c95-927b-ede5fc7d364e,train,1,eng,,,True,orpheus_endfiller_1
d4efbc4c-e6dd-4497-8e5e-b3181ddbd1a7,train,1,zho,True,False,True,chirp3_1
1eeef217-61fb-4ade-888b-213f4971302d,train,1,zho,True,False,True,chirp3_1
1f217917-b12f-4485-ba4a-99981fef985a,train,0,por,True,False,True,chirp3_1
78669f7f-4f9a-452d-b62f-ad0a024eb0d9,train,0,ita,False,True,True,chirp3_1
bc34c753-ebbd-47d4-99aa-07c33eb42298,train,0,vie,False,False,True,chirp3_2
93fca6c6-3200-4d7b-b46d-5f97147c28cc,train,1,eng,,,False,liva_1
d1fa3753-98a9-4bd5-8b6e-621962342e03,train,1,eng,True,False,True,chirp3_1
7813ce0c-e050-4d6a-abe8-59423c031bda,train,0,mar,False,True,True,chirp3_2
9a6dcad5-e73f-4f12-96ef-5fd720802fa1,train,0,eng,,,False,liva_1
1ef703ad-37fb-4d27-bfc7-0aea79f50930,train,0,hin,True,True,True,chirp3_1
7836585f-45c4-4aa2-b724-479583a82cbe,train,0,ben,True,True,True,chirp3_2
782afbea-d540-405b-8025-b83010da2825,train,0,eng,,,False,liva_1
9a33471c-5384-40c0-8398-3389c96c61fb,train,0,vie,True,True,True,chirp3_2
c21edf81-56b4-4eb0-8010-668fbf4549f5,train,0,eng,,,False,liva_1
a3cb6755-410d-497d-8ada-55799ed5496f,train,1,pol,True,False,True,chirp3_1
78541a0a-1f18-4465-8c30-40fd151cb5d3,train,0,eng,,,True,orpheus_endfiller_1
eaaf8ec7-8738-459b-ad51-610c77ee07e2,train,0,rus,True,False,True,chirp3_1
c2653eb3-2464-4901-9e04-5a6b5d50d690,train,0,spa,True,False,True,chirp3_1
bc132b7d-7a6c-468b-9694-051346f7fc19,train,0,eng,,,True,orpheus_grammar_1
9a8c58d2-754c-4731-a743-dd7c4c6fdd4a,train,1,rus,True,False,True,chirp3_1
d51e957f-eea9-4c80-837e-3c2ff3237eed,train,1,ind,False,False,True,chirp3_2
c2316140-a573-4d27-8381-7d087cbe5779,train,0,eng,True,True,True,chirp3_1
7854b21d-072e-4ea4-ac4d-64bbc5c2a64c,train,0,eng,False,True,True,chirp3_1
9a36efd1-02b2-41ba-a544-40c99113a1ca,train,1,fra,True,False,True,chirp3_1
a3d31e9d-714e-4888-8995-30950f0d57db,train,0,ara,False,False,True,chirp3_2
ea544247-1749-4e18-b16c-29b6eca42d6e,train,1,eng,False,False,True,chirp3_1
eabb6a43-db92-4c51-9004-ae69f46f0dc7,train,0,kor,False,True,True,chirp3_1
d4df3693-343f-4659-8a32-c54cf1ee3273,train,0,hin,False,True,True,chirp3_1
bc22b69b-0940-4042-8f3e-0220f9a51eb4,train,0,ita,True,False,True,chirp3_1
a3c7b611-be2d-4505-945c-1816613a480d,train,0,fra,False,True,True,chirp3_1
d1acbc10-97ba-4aef-b651-e7af260a219d,train,0,nld,False,True,True,chirp3_1
d1a1c540-3717-4444-b2bc-6be85471cbb4,train,1,zho,False,False,True,chirp3_1
d501fde2-948e-4769-908c-d596642f4acf,train,0,rus,True,False,True,chirp3_1
7876ed95-b058-490d-ab2f-48b97f469fb9,train,0,eng,,,True,orpheus_grammar_1
7836f6a4-ef04-48a2-b013-da618abc2b2a,train,0,rus,True,True,True,chirp3_1
d4ebafde-4833-49fc-876f-ed19b9e1963c,train,0,eng,,,False,liva_1
9a6af1a3-b97f-40bb-b87e-84e59744ec76,train,1,ita,True,False,True,chirp3_1
d4b32a10-29cf-4be5-9b5b-e5dfb8f2fd06,train,0,eng,,,False,human_5
ea54a2b4-0be5-4e61-a920-fffe2a38775a,train,0,dan,True,True,True,chirp3_2
d213a5b7-b627-4719-94c8-bcc0d8c7d06d,train,0,por,True,True,True,chirp3_1
ea7a46af-ec5c-4a7c-99f1-fe4e4a6be1d7,train,1,ind,False,False,True,chirp3_2
a37d8583-dacd-43e7-b33b-513e2b111cbb,train,1,eng,,,False,liva_1
ea6ab987-3280-4c20-8cd0-70283aababf7,train,0,nor,True,True,True,chirp3_2
d50d6421-6f36-4c7b-9ec6-b068cc11d288,train,1,ita,False,False,True,chirp3_1
a3904af3-1ad9-4720-b27f-1543a557bc23,train,0,kor,True,True,True,chirp3_1
94569b8e-05c3-45b9-bc47-10cf096efbec,train,0,hin,True,False,True,chirp3_1
a3e07b19-985a-41cf-a71c-c81cf340492f,train,1,ben,False,False,True,chirp3_2
94016beb-ddb7-416f-be66-e48087d7a49e,train,0,por,True,False,True,chirp3_1
1f19d1f7-a483-4501-8327-1d5595dbfff2,train,0,mar,True,False,True,chirp3_2
c2afbe31-aece-47d6-8cf7-a0b15b683425,train,1,mar,False,False,True,chirp3_2
d1ba9889-1224-4508-b906-35f75adbbf03,train,1,rus,True,False,True,chirp3_1
784dd95e-5e63-44e8-abea-32e47176780a,train,0,nld,True,False,True,chirp3_1
d4e252d3-99af-43cc-808c-01e1fe14a05a,train,0,deu,True,False,True,chirp3_1
d1f5a455-d424-4b2b-a619-b3e4adeb7ee6,train,1,eng,,,True,orpheus_midfiller_1
bc31ee19-10ab-452d-ab71-1d64979f18ff,train,1,hin,False,False,True,chirp3_1
ea4dadc5-8048-4270-a7e0-a6c6288e4a9b,train,0,deu,True,False,True,chirp3_1
786ca817-ef5e-4312-896c-c701df15a6ac,train,1,nld,True,False,True,chirp3_1
780f60b7-0c96-4c0f-8efd-58145986ddfb,train,1,eng,True,False,True,chirp3_1
d4e0618d-d287-4d2e-a0ec-a6d5d5cfa873,train,0,eng,True,False,True,chirp3_1
c22e1751-1f13-42a5-8c59-a8b49cddf8e5,train,1,spa,True,False,True,chirp3_1
a3fc27ed-ea35-4236-8529-b5e3123ec19d,train,0,rus,False,True,True,chirp3_1
ea60c0d8-7384-49ba-819c-f01139864402,train,0,nld,False,True,True,chirp3_1
1ee3c033-56d9-43e6-a247-c9251388d2c0,train,1,nld,True,False,True,chirp3_1
c27eb4a9-e64e-477f-9625-1f0d58688ac3,train,1,por,False,False,True,chirp3_1
d4cc878b-79be-488b-ad29-20321d19dfa6,train,1,jpn,True,False,True,chirp3_1
c27f5d1d-c362-4262-9241-47bdae8837e6,train,0,eng,,,False,liva_1
a37ab7e4-4eb7-4e8a-9eab-5809c0d31ac7,train,0,eng,,,False,human_5
bc5283b9-ec06-49ed-b144-6e5fb9849180,train,0,eng,,,False,midcentury_1
a3bf7d74-9f8f-40d3-89d5-21203e3737c4,train,0,fra,True,False,True,chirp3_1
d4ca46d6-8d7f-4765-aedf-c85800b8ab04,train,1,eng,,,True,rime_2
9a87ed92-8050-4d76-96de-397d044efede,train,1,fra,False,False,True,chirp3_1
bc52750c-9b6b-48ba-a2c9-a405b2cb54a9,train,0,eng,,,True,orpheus_midfiller_1
d5176173-4b75-4508-9e34-f0008087e339,train,0,spa,False,True,True,chirp3_1
1ed8a73e-afc9-41ef-8d11-b433957bab9a,train,1,nor,False,False,True,chirp3_2
1f0b965a-7010-4506-9ccb-376079514523,train,0,eng,,,False,midcentury_1
ea852a8d-d1cf-4faa-9404-b8d108bc7871,train,1,rus,False,False,True,chirp3_1
d1f5e359-d088-4fef-ab9b-ef4962eaf60a,train,1,tur,True,False,True,chirp3_1
bc2f8c85-6d72-4ad9-9424-b37d244e35e7,train,0,kor,True,True,True,chirp3_1
782280c6-d6f2-4ead-8a82-7ae5c24cf76c,train,1,mar,False,False,True,chirp3_2
d4b388d3-0cfa-481b-8e61-5bf936f98b3e,train,0,eng,,,False,liva_1
a3a61f5c-00d5-4abe-ad88-37b769d69053,train,0,ben,True,True,True,chirp3_2
a39a2bc7-bcc7-4051-87dd-b536c460b75b,train,1,nld,True,False,True,chirp3_1
9aa9d62b-47ab-41b2-b05a-fde602021078,train,1,spa,True,False,True,chirp3_1
94752269-eebb-4e47-bee3-4ae6c4d6910b,train,0,fin,False,True,True,chirp3_2
a3b8175f-8f44-4561-b2fe-4868cca06f14,train,0,eng,,,False,liva_1
d208b884-3676-40e6-b685-3e132c531c50,train,1,ind,False,False,True,chirp3_2
d1c25b38-9f63-4091-b639-fd17e85e5417,train,0,fra,False,True,True,chirp3_1
1f09c1f4-a6d0-49ce-b7d5-2ab0ae71c984,train,1,eng,True,False,True,chirp3_1
c2a5ff99-cbdc-4489-964f-9279e02edec9,train,0,jpn,True,False,True,chirp3_1
94416c86-f86e-4c36-b9a0-c6d9e6865c5f,train,1,spa,True,False,True,chirp3_1
94467248-937e-4703-9db5-f166899c7fa0,train,0,eng,,,True,orpheus_midfiller_1
bc2a3c85-75cc-4a4e-a7fa-1d7c6c10881a,train,0,eng,,,False,liva_1
93ef9ba9-f6f3-4aff-a834-46e7251d7809,train,0,eng,,,True,rime_2
1f2406ee-ebcb-49a5-bc96-6e484a23be8e,train,1,pol,True,False,True,chirp3_1
78316c49-0221-4f03-a1da-b38becb9d654,train,1,hin,False,False,True,chirp3_1
bc58ba5c-09b8-4175-b2cc-e73edb5ece2a,train,0,eng,,,False,liva_1
945b0513-e6ca-410b-a387-23006db96881,train,0,eng,,,False,liva_1
bc5dce47-d843-4b74-beba-090bd01e77d0,train,0,pol,False,True,True,chirp3_1
9a80e3f5-41b3-4e25-90c2-284ee9c8919b,train,0,nld,True,False,True,chirp3_1
ea6a7f05-88fc-411e-b332-103704639d66,train,1,dan,False,False,True,chirp3_2
a38fd59e-9b18-429b-a87a-e1664b199069,train,1,eng,,,False,liva_1
943582db-b68a-4855-babb-ef9985613e36,train,0,eng,,,False,liva_1
9436f2b5-2e57-4fa2-9482-41964a00c527,train,0,eng,,,False,liva_1
7883af81-cf9e-4cfd-9824-94d91f417d60,train,1,eng,,,False,human_convcollector_1
d200143a-150a-40d9-beac-07e62d3511e7,train,0,jpn,True,True,True,chirp3_1
d52a7daa-346a-4d2e-9ec5-7d1b9793fa18,train,1,dan,True,False,True,chirp3_2
7881972b-5678-4f14-a969-1e00283bd315,train,0,mar,True,True,True,chirp3_2
d189c932-5433-4ca6-a3de-7a355e1ce83f,train,1,por,False,False,True,chirp3_1
7827ce35-aba6-44e1-8408-a9047f49c9b9,train,0,nld,True,True,True,chirp3_1
d4bed265-52a4-4742-8eeb-31ef4ef7e3ce,train,0,spa,True,False,True,chirp3_1
bc3ab8c5-03ec-4b59-a2f8-6623357044de,train,1,kor,False,False,True,chirp3_1
a3e7329f-18ad-42d3-9f1c-7f3ac76f306d,train,1,spa,,,False,mundo_1
bc471c69-f6b6-417d-831b-242f8e31af96,train,0,eng,,,True,orpheus_midfiller_1
93f13e05-d049-418d-93c0-08298d22d16d,train,1,hin,False,False,True,chirp3_1
1f469dbc-5a41-46c6-93a0-f596f7375c0b,train,1,ita,True,False,True,chirp3_1
bc837680-4576-4e22-ad2f-0e06336c009b,train,1,eng,False,False,True,chirp3_1
d1db81dd-23c8-4e5f-8009-f1f60e42a17d,train,0,ind,False,True,True,chirp3_2
d1bd9495-ae82-4a42-b571-0cf577a223d6,train,1,tur,True,False,True,chirp3_1
1f096099-6476-4aa0-9cba-d4654b0efc2d,train,0,eng,,,False,midcentury_1
bc7d5988-7014-471a-be67-1447444c33dd,train,1,tur,True,False,True,chirp3_1
bc8202c3-774f-4355-88f9-b04d45f1e8cd,train,1,vie,False,False,True,chirp3_2
ea461f18-60dc-4c79-874c-4bd98432e722,train,0,spa,,,False,mundo_1
bc3b9fd4-1fd3-47c1-9e55-dc9b5fbaf08d,train,1,eng,,,False,liva_1
c26af83c-a4a9-4e31-9928-85f9616bc17b,train,0,eng,True,False,True,chirp3_1
d1a3c356-1347-451e-866d-2c72e190b71c,train,0,por,True,True,True,chirp3_1
d1dba014-c775-4b5b-b386-e469a90ba493,train,0,rus,True,False,True,chirp3_1
a38bcd35-aa0d-455f-9dbb-9919826c7920,train,0,ukr,False,False,True,chirp3_2
9aa718d8-fd18-4ff4-b124-f8f31999bf21,train,0,fin,True,True,True,chirp3_2
ea9d1b3a-3aa6-4453-ad35-981ffad4f304,train,1,dan,True,False,True,chirp3_2
c297df79-65d9-4c26-916e-9daa8c732a2b,train,1,fra,True,False,True,chirp3_1
1f086ab6-a520-4951-a857-948325b94ab1,train,1,tur,False,False,True,chirp3_1
9aa49240-23ab-4de0-8c0b-7b2dbe67fc5b,train,0,fra,False,True,True,chirp3_1
ea771f10-93bc-4bc9-b36e-7e98c81cb630,train,1,rus,False,False,True,chirp3_1
d4aa266c-0e84-4a64-a46d-ebfeaacbc5da,train,1,eng,,,False,liva_1
c2453b35-21a1-4cb7-89d0-7e6b469c9adc,train,1,fin,False,False,True,chirp3_2
94054c23-8638-446b-a929-35d2eb9e4fcd,train,0,por,True,True,True,chirp3_1
782e1168-d713-4ce2-800d-3b70c68a8491,train,1,mar,False,False,True,chirp3_2
d4f05488-c4d4-4c0f-926a-52a12418c6b0,train,1,zho,False,False,True,chirp3_1
780519c5-b56c-4034-825e-65abffbbe126,train,1,jpn,False,False,True,chirp3_1
d4bd659e-17f8-4f9b-aeef-0ba3d354444f,train,0,nor,False,False,True,chirp3_2
9a7ef2b4-6953-4f5c-9043-2f4220e68121,train,0,nld,True,False,True,chirp3_1
9a376aea-184a-4713-b7c6-94cb42b966bf,train,0,eng,,,False,midcentury_1
9408a7ea-14b9-4eab-a05f-0883eac5c13f,train,1,rus,False,False,True,chirp3_1
d1c1e559-bd57-4ace-a73c-2e8214187dce,train,0,mar,False,False,True,chirp3_2
ea81e512-80cf-4ab5-bdf2-1ece2dc860cd,train,1,eng,False,False,True,chirp3_1
bc139e03-2610-457b-a97c-a92b4c32ca85,train,0,spa,False,True,True,chirp3_1
bc23c69e-ba39-4811-b9d7-253a84619084,train,0,spa,False,True,True,chirp3_1
bc3ac87d-d301-4717-aafa-32b3a7f6e5d3,train,1,nld,False,False,True,chirp3_1
78377ee7-1504-4875-a1cf-29ee87405caf,train,1,tur,False,False,True,chirp3_1
9a48e8f5-83e0-4f69-b7be-ccf93ee9455b,train,0,jpn,True,False,True,chirp3_1
9a99260d-73f5-43b6-a6df-a4019fe044ad,train,1,eng,,,False,liva_1
d1e8efa0-13a2-4e17-afd4-f162e3fd8a15,train,1,eng,,,False,liva_1
9423890c-3ad1-416a-888f-2f7eb59fa5c9,train,1,por,True,False,True,chirp3_1
bc5a077c-83cb-4938-b127-815285fd9d2c,train,0,eng,False,True,True,chirp3_1
d1b066d4-cc27-4ea5-bd59-79c9d0a3622c,train,0,rus,False,True,True,chirp3_1
d4e6788e-cdc2-4e1e-ad98-9a9a74ba15f9,train,1,zho,False,False,True,chirp3_1
bc432fb3-d0e8-4524-8d4d-631f9ba935d9,train,0,eng,,,False,liva_1
9a9dddcf-fc79-4e06-b6a7-57208fc82180,train,1,ukr,False,False,True,chirp3_2
1f38c3c2-93dd-4244-b8c6-cfb4192ad44b,train,1,eng,,,False,midcentury_1
783b6686-3567-4fd3-92cc-c285b850de3d,train,1,spa,,,False,mundo_1
d1ed4508-4a20-45eb-9852-79029cb8d7e5,train,0,deu,True,True,True,chirp3_1
941872fd-5fc3-42ca-a831-a6d09b9d458f,train,1,deu,True,False,True,chirp3_1
781f3f65-ccc5-4d86-baff-db20f5f97b22,train,0,ben,True,True,True,chirp3_2
d4b38430-e270-4073-a197-9343f009e0a5,train,0,eng,,,False,liva_1
d4e3c858-d62a-46e9-910c-c178e5a6981e,train,0,spa,False,True,True,chirp3_1
9a954d9d-7941-435b-ac10-5980f2c71ee9,train,0,eng,,,False,liva_1
1effde05-81cc-4070-b1d1-69a7f06ae404,train,0,hin,False,True,True,chirp3_1
a3be1608-2176-4807-a746-7d9b882d6636,train,1,pol,False,False,True,chirp3_1
7869471d-d6c3-4116-b8d0-f1bdae37561a,train,0,deu,True,True,True,chirp3_1
9a9e2ad4-e935-4581-aa2b-2def865f441f,train,0,fra,False,True,True,chirp3_1
ea574b06-e7df-406d-b71b-b167049c12a1,train,0,ben,True,False,True,chirp3_2
a3a3e3f0-3de2-4d40-83c9-1a41eaa51a0b,train,1,eng,,,False,midcentury_1
c2463df0-a78c-4edd-af3f-85f42a136047,train,1,eng,,,True,rime_2
ea50789c-4d57-4cd8-9617-c5fe7d742f6c,train,0,kor,True,False,True,chirp3_1
7847b8bf-e27d-4045-be7c-eee32f8a5760,train,0,vie,False,False,True,chirp3_2
eaa0f35b-cc9b-4358-9c60-70cf6a552af0,train,1,eng,,,False,liva_1
bc4fdf03-51e3-43d3-a285-76c6b3e3e34c,train,1,spa,True,False,True,chirp3_1
d50b0d55-d385-48b5-9119-b11e9ab3cb93,train,0,ben,False,False,True,chirp3_2
d1c07c8a-2463-4502-bef5-fe62074e84b5,train,0,deu,True,True,True,chirp3_1
eaa30066-ba28-42ff-b801-d2fa88515ddb,train,1,nld,False,False,True,chirp3_1
d516e821-2654-48df-9376-2ef43deb7d3c,train,0,deu,False,True,True,chirp3_1
1f042dfc-dde4-4d18-929d-c7ced59201ba,train,0,rus,True,True,True,chirp3_1
a3b739e7-62c1-415c-b467-3213bba58d97,train,1,fra,False,False,True,chirp3_1
7803d15b-50d0-4b86-9d01-28e64d4323ad,train,1,rus,True,False,True,chirp3_1
d20b565d-73f1-4427-8106-74dc8e54c126,train,1,eng,,,False,liva_1
bc398769-a7e2-4ce7-b642-05868aa51bdb,train,1,eng,True,False,True,chirp3_1
c2698e4d-8f8b-4ab3-8983-bf7559045e34,train,1,deu,True,False,True,chirp3_1
c22cfab9-8d1f-4715-a014-0f07fa019333,train,0,vie,True,True,True,chirp3_2
785fee99-d5c5-4677-a56c-ac47c499a255,train,1,spa,True,False,True,chirp3_1
780957b7-2f0f-467e-80c3-0f4dbe2a5234,train,1,dan,False,False,True,chirp3_2
78051e70-bf72-4680-b588-440cb72d6d79,train,0,nld,False,True,True,chirp3_1
a38bed4d-42ae-470b-92e3-246330ce16c5,train,0,ind,False,True,True,chirp3_2
bc06df08-0ce1-4fd3-8d02-ba791d171f4d,train,0,deu,True,True,True,chirp3_1
1f46b946-0237-432a-b253-0ffacce93fe5,train,1,ukr,False,False,True,chirp3_2
d4fbfd21-3605-4c01-8f8c-0c27ee7f1f3d,train,0,por,True,False,True,chirp3_1
1f029ad6-c54d-4354-aa2a-855e97618ff1,train,1,fra,False,False,True,chirp3_1
1ee7288a-cc12-4a33-9a4d-d09d4cfffabf,train,0,fin,True,False,True,chirp3_2
c24b483f-6301-4ba0-a564-98d300b6e611,train,1,deu,True,False,True,chirp3_1
d1d9fdcf-157b-4e15-b4ae-5a59d84763b7,train,0,por,False,True,True,chirp3_1
7842550e-79b0-4fec-86d9-fe3b4839b6a5,train,0,tur,False,True,True,chirp3_1
1f4c2ed0-3664-47cf-87fa-6d2af55c9a28,train,0,eng,False,True,True,chirp3_1
c24c861a-e11e-4d1a-8945-361b4e3d3276,train,0,eng,,,False,liva_1
a397ef19-431b-407d-8f5c-870a840c4e85,train,1,mar,True,False,True,chirp3_2
9a92c5d0-4a62-4405-a873-5c45c2c8148d,train,1,spa,True,False,True,chirp3_1
bc0e8eec-bb9c-4e29-88ab-40a52c5c4e32,train,0,eng,,,False,liva_1
942f4977-0b39-4f10-88e9-e28af84061b2,train,0,ita,True,False,True,chirp3_1
9a84724c-9a56-4f77-bbbc-b4ff0f2a6eda,train,1,ita,False,False,True,chirp3_1
c24ca00b-cb86-467b-8ece-d224e614f2e2,train,1,por,True,False,True,chirp3_1
1ede623f-7992-4dfe-9029-5d0e92d4ee5f,train,0,nor,False,False,True,chirp3_2
a3b8733e-2ecd-4116-9b22-20e454e01bcc,train,1,hin,False,False,True,chirp3_1
1ed4e6d8-b4b1-4a89-b275-fc779624cb7b,train,1,nor,False,False,True,chirp3_2
941be6dc-325d-463b-9cf8-eef81e6dd955,train,0,eng,,,False,liva_1
94412650-18a4-4706-955b-f5352d075bba,train,1,hin,True,False,True,chirp3_1
a3c8ef01-4e2c-4539-b691-618ccfa446c1,train,1,por,False,False,True,chirp3_1
1f353919-8a5e-4e8f-b284-a00f4263f48e,train,0,ita,False,True,True,chirp3_1
bc5e48d0-4a18-4804-800b-3ade4552e64b,train,1,por,True,False,True,chirp3_1
1f066b0c-62b2-4da0-967a-a782c1685942,train,1,deu,True,False,True,chirp3_1
c21c1319-d140-4d51-a154-bd35b83a02a2,train,0,eng,,,True,rime_2
78457c88-2ad1-4bb4-bb32-3b1abee09bf6,train,0,eng,,,False,midcentury_1
c2356f11-d47a-4dba-9fe9-df3cdb7167fe,train,1,fin,True,False,True,chirp3_2
9a591651-be50-487f-93e9-e9424758215c,train,1,spa,False,False,True,chirp3_1
c24a4730-0036-4ea0-bde9-05ab5bf74dd5,train,1,por,True,False,True,chirp3_1
78749ced-f618-49ab-9206-d8de10ff7735,train,1,vie,False,False,True,chirp3_2
9a8aadae-07ee-4051-9656-c075ed87d8fb,train,0,spa,True,False,True,chirp3_1
eaa1b7b4-246f-4b15-bf64-097df98e2470,train,0,pol,False,True,True,chirp3_1
ea7eefd7-c896-4657-88bf-3484e7812144,train,1,por,True,False,True,chirp3_1
a3acff32-24c5-46bf-a345-fda34953ad71,train,1,ukr,False,False,True,chirp3_2
d4fc92e9-af10-4c29-9f64-9589d2d91115,train,1,fin,False,False,True,chirp3_2
1ef19766-9ad9-4666-9f19-6d8e52b4f16b,train,1,fin,False,False,True,chirp3_2
785039d1-6dcf-4ae9-891f-d749e8621734,train,1,por,True,False,True,chirp3_1
1f035b2b-0466-44d5-97e1-126d4a477236,train,0,eng,True,False,True,chirp3_1
943dd0f2-4151-4f8e-b294-cc5f88967772,train,1,rus,True,False,True,chirp3_1
94793ca8-8461-48a5-80c9-ab441362918d,train,1,dan,True,False,True,chirp3_2
bc4e5c05-2c73-419b-a498-572390e6d677,train,1,tur,False,False,True,chirp3_1
1ee888c0-68cc-4b8c-a5ef-5776e8fb2779,train,0,fra,True,False,True,chirp3_1
bc08fa75-af9f-4e57-b118-cfa2cd9625f1,train,1,ara,False,False,True,chirp3_2
9a97302b-3a5c-4aa9-8434-eb6912fa1338,train,1,eng,False,False,True,chirp3_1
bc254a83-2020-4789-a64c-bea22813ce86,train,1,eng,,,False,liva_1
787516fa-3768-420e-8e31-52834caffea6,train,0,ind,False,False,True,chirp3_2
bc402158-aab9-4456-886c-3ee9036749a2,train,1,zho,True,False,True,chirp3_1
c246b8d2-2e58-4e4c-840d-b3bee228954d,train,0,eng,True,True,True,chirp3_1
93f91665-2ed9-4369-aec2-74a1e92e38ed,train,1,ind,False,False,True,chirp3_2
a3aca259-bb3c-4817-8cc1-d39fa47c0dea,train,1,eng,,,False,liva_1
7886f708-1506-4ab9-9b82-af85b727eaa0,train,1,spa,True,False,True,chirp3_1
7819dfc2-3cd2-46f5-947d-3cc8c2051143,train,0,nld,True,False,True,chirp3_1
d4ad0389-6e2d-4ca6-8f24-7087b19bc7c4,train,0,eng,,,True,rime_2
d4c3f495-8fc6-4a18-9895-da3cad149bb0,train,1,eng,,,False,liva_1
d207545b-2b5b-4d3c-9345-f5887b92a209,train,0,zho,False,True,True,chirp3_1
9a3175cf-36a2-431c-9c24-e30f9b61dc4b,train,0,ind,False,False,True,chirp3_2
bc624416-81ad-456d-9290-e9bd36ed3822,train,1,nor,False,False,True,chirp3_2
1ed7d58a-c002-48fb-8869-dc49627dbde2,train,1,por,True,False,True,chirp3_1
d1a6de44-014d-4871-bdf8-da8389c29232,train,1,eng,False,False,True,chirp3_1
a3c7ee29-f7ce-4d3a-83b5-a60b931cf76b,train,0,ara,True,False,True,chirp3_2
1ef7b00e-2c81-4511-8f1d-b1261a29ad65,train,0,eng,False,True,True,chirp3_1
1edf75df-8a6c-4b8e-aeac-36dc4d624da7,train,1,ukr,False,False,True,chirp3_2
ea854feb-220c-4e92-9833-53d20a508002,train,1,hin,False,False,True,chirp3_1
a3e7fdd5-5629-4d21-85e8-525b59d51651,train,1,eng,False,False,True,chirp3_1
78492a97-509b-4934-a87d-4f9365ec7e18,train,1,spa,False,False,True,chirp3_1
bc6c1fbc-73bc-4a68-bf98-e4451846ccca,train,0,ben,False,False,True,chirp3_2
d191b670-ac8c-48f4-aa62-947182fb5a58,train,1,deu,True,False,True,chirp3_1
9a7869ec-b54d-49fb-b1f1-15600a7995fc,train,0,tur,True,False,True,chirp3_1
9463eed8-8fc6-4ec3-ad5b-fc9c7423d52c,train,1,ben,False,False,True,chirp3_2
78374e15-44d1-410c-8d03-1b399be266d0,train,0,kor,False,True,True,chirp3_1
d4f9fcb2-0313-47d8-8b66-ab4a9b9ec4a4,train,1,eng,,,False,liva_1
9a9bf8fa-627a-4290-b5cf-eff4a51bbcae,train,1,por,True,False,True,chirp3_1
bc449600-ed24-4b83-94df-d36d11ad7a83,train,1,vie,False,False,True,chirp3_2
ea7d2170-9918-437f-afe1-14dca24e4d5b,train,0,hin,False,True,True,chirp3_1
c27af3c3-0b47-49b7-b5dd-90fc74caa91f,train,0,ben,True,True,True,chirp3_2
d4c068ba-b201-417f-a077-9c75979348ac,train,0,dan,True,True,True,chirp3_2
945c5441-09ed-4848-993b-e426679c7f4a,train,1,deu,True,False,True,chirp3_1
9a594067-b4e1-444e-a347-ee39bcbfe6bc,train,0,fra,True,True,True,chirp3_1
bc05191e-529b-4a2f-bfa1-d2d0993743ce,train,0,ita,False,True,True,chirp3_1
d1c7a217-139a-4bd6-aba0-1749f32ba763,train,1,eng,,,False,midcentury_1
9a722e37-e762-4762-a040-75a530f50329,train,1,eng,False,False,True,chirp3_1
783aa43b-2584-43e0-ae4c-0f05535f60c7,train,0,eng,,,False,liva_1
94312164-b4e8-45af-a9dc-642cb56678df,train,0,eng,,,True,orpheus_midfiller_1
944e024c-d08e-4e8c-9113-b2f1b3ba6eb7,train,0,zho,False,True,True,chirp3_1
ea61457e-6e8f-4909-bf32-3c718c9de116,train,0,spa,True,False,True,chirp3_1
9a975c6c-a6f2-4693-855e-ba8a068a4a4b,train,0,ind,True,False,True,chirp3_2
942acb06-9bcb-444c-996f-182350a1808a,train,1,rus,True,False,True,chirp3_1
c220ae69-13c8-4847-8e8a-0c4819865014,train,1,nld,True,False,True,chirp3_1
c28db97a-4c32-488d-8294-dc4b92ca5340,train,0,hin,True,False,True,chirp3_1
c25adffa-6496-4c30-8713-31bb6fbfea45,train,0,ukr,False,False,True,chirp3_2
a3ca8c9d-74f1-4e45-9ebc-06f03696a858,train,1,ara,False,False,True,chirp3_2
785075e7-4542-4681-9da1-d100a414d387,train,0,hin,False,True,True,chirp3_1
9a87042a-b660-479d-8dce-8d3fee257b92,train,0,por,True,False,True,chirp3_1
9447eaf9-1da9-4e5f-a2b1-1f9c957bed47,train,1,fin,False,False,True,chirp3_2
ea867c92-c4ea-4f17-b1ce-30cc7313be7e,train,1,nld,True,False,True,chirp3_1
a3e626c6-2afb-40a9-b172-1cac13c1c087,train,1,por,False,False,True,chirp3_1
d1bd2553-3b9e-4ab9-9d06-9674227b86a0,train,0,eng,,,False,liva_1
c22e7284-9509-46bf-be3a-5b732716b9e5,train,0,eng,,,False,liva_1
ea92d2d6-83c3-461f-b96a-389aa60b0656,train,0,eng,True,False,True,chirp3_1
7811d7d5-79e3-411d-9239-5b158ba1f125,train,1,eng,,,False,liva_1
d4ffe545-a32e-4585-bc21-10d34d630112,train,0,vie,True,False,True,chirp3_2
d1c590a4-a901-43d6-9cae-e8eee8feaad7,train,0,spa,True,False,True,chirp3_1
bc6180c6-eb9d-4008-bd69-f3f633c7c0be,train,0,por,False,True,True,chirp3_1
d204d8e5-5eb1-449a-b7d0-06f6036a1928,train,1,ita,True,False,True,chirp3_1
ea3c5ad1-fd54-416c-9f6e-c409363331f8,train,1,spa,True,False,True,chirp3_1
93fa0f73-cecd-47d7-ae39-f875a93ebd40,train,0,rus,False,True,True,chirp3_1
bc320f3c-9869-44a9-a177-faac5a90db7a,train,1,por,False,False,True,chirp3_1
bc8932ad-c36d-47c7-9960-1e72f05faa4b,train,0,mar,True,True,True,chirp3_2
bc0ab37b-259f-4339-8719-3442caf3303e,train,0,dan,False,True,True,chirp3_2
94125b27-b6e4-404d-a6cb-77637827969f,train,0,vie,False,True,True,chirp3_2
d4f69e9f-b309-4d20-b525-8cc2c8d7669e,train,1,nor,False,False,True,chirp3_2
7870768c-6b9f-4f2c-949d-c556e4e6a772,train,0,fin,False,True,True,chirp3_2
bc1153dc-a8ac-4376-8ce6-b565850ff346,train,0,eng,,,True,orpheus_midfiller_1
a3ded5af-48a8-43f4-832e-daf41f74d5fa,train,0,spa,True,True,True,chirp3_1
787541c6-18b6-4dca-b5fa-7cc37a10c2b5,train,1,eng,,,False,liva_1
c266d34b-78a6-4e37-8c0e-edbb17036076,train,1,ukr,False,False,True,chirp3_2
78493d1e-3a4c-4432-a0ec-263f428b4333,train,0,ara,True,True,True,chirp3_2
a3cec853-7633-46b9-a67a-3c3eba7a72ee,train,1,nld,False,False,True,chirp3_1
d4da9039-a9d5-444a-afb7-a0c530726e31,train,0,ben,False,True,True,chirp3_2
9428a07a-90c9-4614-a243-193e40ceebb9,train,0,zho,False,True,True,chirp3_1
78110a47-32b6-4d44-b3e2-c127145d9685,train,1,ita,True,False,True,chirp3_1
9a76fe3e-dbd6-481d-826e-113699c3e706,train,0,spa,False,True,True,chirp3_1
946e0869-6900-4817-be97-ab2cd52049bf,train,1,eng,,,False,liva_1
d4b70f35-291e-4d4a-8af5-64f9240ba454,train,0,zho,False,True,True,chirp3_1
9457d120-a5cf-426d-b6a5-885cff77bc95,train,1,deu,True,False,True,chirp3_1
d1a6a49a-22c7-4206-832d-604f41db7422,train,1,por,True,False,True,chirp3_1
9450a217-64ec-46d2-802a-0dface410511,train,1,hin,True,False,True,chirp3_1
a3e45aef-2f55-4661-a2dc-3658c58340c7,train,0,fra,False,True,True,chirp3_1
a3acb163-e95f-490d-9159-4d1b29ce7ed4,train,1,vie,False,False,True,chirp3_2
ea5ca81e-e2e4-4634-a9a6-a7e4d719716d,train,1,ind,False,False,True,chirp3_2
bc48b78e-725c-4d0a-8668-774284b07291,train,1,nld,True,False,True,chirp3_1
784a30ad-3b23-4ff1-9073-d084849a4c02,train,0,pol,True,True,True,chirp3_1
d1d9b956-c1a4-40fc-be29-ef4d919a8688,train,0,pol,True,False,True,chirp3_1
ea65a26e-51dc-4555-a38b-439be3bc3f4a,train,1,mar,False,False,True,chirp3_2
d4e74ced-97e6-4cb9-8de4-ab713614dec8,train,0,vie,True,False,True,chirp3_2
d1ae7ba3-6ddc-4053-9c48-05fb3d577afe,train,1,spa,False,False,True,chirp3_1
bc2b9a74-5304-4230-976c-1922ff1b7bf1,train,1,ben,False,False,True,chirp3_2
9a5934d6-81d0-45f5-bceb-1c806e6efd5f,train,1,eng,,,False,liva_1
7872b89a-6bd7-4c37-ba5f-c07fcdeb8883,train,1,tur,True,False,True,chirp3_1
a3bf0be8-79cc-4fec-a8ea-a36b73a9d836,train,1,fin,False,False,True,chirp3_2
c272db22-20fc-478a-a206-d33d2ad8f090,train,1,zho,True,False,True,chirp3_1
a3c64d2e-ed6f-41a9-ba8a-10d5dca2cfe2,train,1,ara,False,False,True,chirp3_2
d4f4cf02-a533-42ec-b447-9ed0b77142f3,train,0,eng,,,False,midcentury_1
c254b4fc-0d7b-49f5-b1e7-13d8dfe6cdb3,train,1,pol,True,False,True,chirp3_1
1f200174-b006-4f32-85f7-0f131db5ee53,train,0,ita,False,True,True,chirp3_1
9a35df7f-0a4b-4178-8989-90108444bde6,train,0,eng,,,False,midcentury_1
1f3225a2-705b-4ed5-a63c-8f2f5299ef1d,train,1,eng,,,True,rime_2
a3a26ac7-bdf7-4e7c-a16c-c50ef711df00,train,0,kor,True,False,True,chirp3_1
c226ce62-db4e-46b0-bc1c-fa8d67f55c91,train,0,deu,False,True,True,chirp3_1
c23bfa54-87b3-497a-b7e0-565c3766d3f5,train,1,eng,,,False,liva_1
d1894d94-7200-48ac-8895-a6b259a9d137,train,1,ara,False,False,True,chirp3_2
d1cda53b-d4b6-405a-95a1-5fa5e1faee4e,train,1,tur,False,False,True,chirp3_1
ea44790e-485f-4e8d-b298-c75aaf2f2ed3,train,0,jpn,False,True,True,chirp3_1
a3ad9c77-8cc8-4340-a80e-12dada8f7f9a,train,1,nld,True,False,True,chirp3_1
945d935a-0315-4309-bece-ba58cf76a890,train,1,ben,False,False,True,chirp3_2
9421b91b-597a-42b4-8135-239f55ada9c4,train,0,vie,True,True,True,chirp3_2
d4ebcf62-1c83-44ac-80e6-1bf3f4b6c3ea,train,1,ita,False,False,True,chirp3_1
ea65e358-6616-49d6-91d4-70d03a142778,train,1,kor,True,False,True,chirp3_1
ea6b3f2c-b863-4af9-b55d-9f38e1199f2a,train,0,vie,False,True,True,chirp3_2
d2077c8d-136e-4b94-ad96-398679312159,train,1,jpn,True,False,True,chirp3_1
781c5b81-f12a-419a-8985-5604dd6012b8,train,0,fin,False,True,True,chirp3_2
9a34e4de-91b7-4c4b-be2a-55fb4969102e,train,1,jpn,False,False,True,chirp3_1
1f441065-5394-488b-a53a-39d560829465,train,1,vie,False,False,True,chirp3_2
c22e3266-cad7-43cc-a654-a347b065d62e,train,1,fra,False,False,True,chirp3_1
947569cb-061e-44c8-af98-8a9896c6180e,train,1,vie,True,False,True,chirp3_2
7845aa1d-e32d-4881-9655-a76c9167f53a,train,0,ita,False,True,True,chirp3_1
1f4864c2-a06a-43ef-bedb-ebc2276bf67f,train,1,eng,,,False,midcentury_1
d4a95cdc-b627-431d-a9ac-3c2f53e32083,train,0,por,False,True,True,chirp3_1
9a57c2f2-fff1-43c5-9f43-6d6cdaa59a86,train,1,fin,False,False,True,chirp3_2
bc0f0802-d478-4361-98fe-e7a29aa0d970,train,1,fra,True,False,True,chirp3_1
a3bf2834-63ef-4a6a-9853-9ce296ea2e6c,train,0,mar,True,True,True,chirp3_2
a37d2fea-343f-4252-ada9-b5aede33246c,train,0,tur,True,False,True,chirp3_1
bc14d363-b06d-4fc7-a25c-028f6db1350c,train,1,deu,False,False,True,chirp3_1
bc6ac320-b661-4cd0-ace8-c546ce2d2b1d,train,1,eng,,,False,liva_1
940cd4d4-afe4-4641-8ba5-c164a1f9d4ee,train,0,eng,,,False,liva_1
946f5f64-b10a-4f9b-b2c9-d91d37886bb1,train,1,nld,True,False,True,chirp3_1
9405183d-a457-48dd-8ea6-6f195132336b,train,0,zho,True,True,True,chirp3_1
d4c07594-fef5-4d19-bb69-812e81612e5d,train,1,hin,False,False,True,chirp3_1
1ed3e8bc-8ccd-4a2a-a035-ad1fb266432d,train,1,eng,,,True,orpheus_grammar_1
ea75b45f-fb05-487b-990d-9f317506fa31,train,1,spa,,,False,mundo_1
d199e032-9503-4b66-842e-9f5d5f4a2155,train,0,dan,True,True,True,chirp3_2
bc0c2c01-e77c-45ed-8a3b-9176c4226f22,train,0,mar,False,True,True,chirp3_2
d1f99f7e-db11-41e1-a943-b4a6e6c6ed72,train,0,spa,True,False,True,chirp3_1
1f2289d4-3fc0-4821-9516-7f0f8d11ed92,train,0,ara,False,True,True,chirp3_2
d1a3214a-a2e3-44c8-8b4c-672d9db6e5f3,train,1,eng,False,False,True,chirp3_1
ea5d56ab-95cf-4005-822d-cbc56ce1e5c5,train,0,eng,True,False,True,chirp3_1
783123b1-a340-4a93-9472-73709f81a6a5,train,1,eng,,,False,liva_1
9a3ac8f2-0e6b-40e9-a974-25b7687e3396,train,1,spa,,,False,mundo_1
d191a00f-1530-4c34-a8a9-77859335c3a9,train,1,eng,,,False,liva_1
78582fa2-8c73-4b3c-ada8-1d6130cfc0ce,train,0,spa,False,True,True,chirp3_1
9a96db68-d2bd-4867-854a-ddd0555fe8aa,train,0,zho,False,True,True,chirp3_1
d1da6e33-f511-4217-ac6e-0d329bab01cf,train,1,eng,,,True,rime_2
947b48b2-6afb-4d0b-89a4-6fb980e18a6a,train,1,nor,False,False,True,chirp3_2
1efc09da-ed82-45bf-9b36-d641642c17d5,train,0,dan,True,True,True,chirp3_2
bc054c42-a337-4f73-a4da-61401640e0db,train,0,deu,False,True,True,chirp3_1
bc3dc420-7bba-4076-9b83-e6f4d947a9af,train,0,vie,True,False,True,chirp3_2
ea5d9e75-1c2e-423c-ac06-92f21f165ef9,train,0,eng,True,False,True,chirp3_1
9a9cfb81-d076-47df-a807-8716e9347265,train,0,spa,,,False,mundo_1
9aade940-e43e-40e9-9bb2-8cc6f7d4cbf6,train,0,tur,False,True,True,chirp3_1
785d1218-7adb-496b-a046-ecd0dd8fcae9,train,0,fin,True,True,True,chirp3_2
93f89cde-f6bf-430d-80a1-4fe7f1d69032,train,1,nor,True,False,True,chirp3_2
783afeac-bd95-448b-a18b-b489fd846cd2,train,1,hin,True,False,True,chirp3_1
bc73d92d-889e-4eb2-8c2a-387b340d9876,train,1,tur,False,False,True,chirp3_1
bc817b42-bae4-4608-b516-eece615bfc46,train,0,spa,True,False,True,chirp3_1
d509072a-ce64-4018-8c54-3b9ada47b75b,train,1,eng,,,False,human_5
94342e62-d7a9-472b-80e8-46bc904eba6f,train,1,eng,,,False,midcentury_1
bc43dcc1-9f78-409f-b243-5291b3225783,train,1,ukr,True,False,True,chirp3_2
d52014e3-06e4-4d34-a037-d50d3f30c6a7,train,1,ind,True,False,True,chirp3_2
d4d0b38f-0aa0-4526-8eb8-f4b6bfab7283,train,0,eng,,,False,liva_1
bc166fb8-4b9e-4db0-b1b6-7efd3aec3571,train,0,eng,True,True,True,chirp3_1
d1aa0580-d29d-4ac7-8a9c-7d21bac90feb,train,1,fra,False,False,True,chirp3_1
785eb2f6-6162-402a-b63c-194e599aefa7,train,0,por,True,False,True,chirp3_1
a3dc987f-34bc-4c29-ab6c-5f65105f58af,train,1,ara,False,False,True,chirp3_2
c276b2ef-0733-40cd-997c-32a504e5c551,train,1,nor,False,False,True,chirp3_2
9a285831-f957-4cf1-8396-c7db631871ea,train,0,eng,,,False,human_5
c240dbea-36d5-45e7-a716-3888d13e152b,train,0,rus,True,True,True,chirp3_1
94184177-1131-4d20-a006-6ef21aa9b186,train,1,deu,True,False,True,chirp3_1
eaa742c5-0675-49c0-aa97-479ffd62771b,train,1,ben,False,False,True,chirp3_2
bc57ed50-c9e7-4643-92d3-1a4a4a28df7c,train,0,dan,False,True,True,chirp3_2
93fcee77-2c97-44c6-99cf-69fe2d491694,train,0,jpn,False,True,True,chirp3_1
eaa9cf98-c0cc-453d-9ce7-d1a95292825a,train,0,nld,True,False,True,chirp3_1
945a573c-7504-459b-ad4a-da7af2a410ae,train,1,dan,True,False,True,chirp3_2
9a6adb86-3b89-414b-9f9f-3d1055cf7e7e,train,0,hin,False,True,True,chirp3_1
d4ec8eec-617d-4ae9-937a-5d081fa67832,train,0,eng,,,False,midcentury_1
9a6ecde4-8c74-4a69-9715-9caa77924113,train,0,spa,False,True,True,chirp3_1
1f2bced7-5b1f-45d1-b60c-9c09f5b1d74e,train,0,eng,,,False,liva_1
785f90cf-8546-404f-9d78-fc191c254e20,train,1,ind,False,False,True,chirp3_2
a3e6d274-8013-49f2-8709-d0f8689060b0,train,0,eng,,,False,human_5
7855e203-1991-45bb-927a-488253218c01,train,0,rus,True,False,True,chirp3_1
1f2a79bc-7622-4794-bdcf-3f7b633b7c66,train,1,eng,,,False,midcentury_1
eaa680cb-2ede-42cc-9c57-be2d36be0eb2,train,1,ind,False,False,True,chirp3_2
9417d475-ce0d-432d-be50-19497796730c,train,0,kor,False,True,True,chirp3_1
78223ccc-bd0f-4826-8cdd-f8fca249b48d,train,0,pol,True,True,True,chirp3_1
d210e185-a259-4903-8898-a27468723bfc,train,1,pol,True,False,True,chirp3_1
bc202236-1d21-4eb0-bcd8-51d7ea9b82d0,train,0,ara,True,True,True,chirp3_2
bc36f28e-544c-4f06-94b8-a66f0f2d02f6,train,0,nld,True,True,True,chirp3_1
d196b42a-814b-4b6c-ba62-e7910e8c5704,train,0,vie,False,False,True,chirp3_2
d19bf0c9-200d-4d8d-b62a-f48909e438f2,train,0,eng,,,True,orpheus_midfiller_1
d4c75a79-73de-4023-b6e1-d7e49480f65d,train,0,spa,True,True,True,chirp3_1
9a325989-054a-42ef-844f-ac63e5a64d78,train,0,spa,True,False,True,chirp3_1
d1b919ad-928b-49a0-9b93-600813e84d64,train,1,nld,False,False,True,chirp3_1
a3af14ff-189f-458a-9fed-00ba2e179d4d,train,1,kor,True,False,True,chirp3_1
9a49f8fd-1897-4212-813a-e2560c24d137,train,0,mar,False,True,True,chirp3_2
9a3895de-2360-4846-8672-e22c0c84fbdb,train,1,spa,True,False,True,chirp3_1
c28e884d-252f-474e-94b0-612d1db15838,train,1,deu,True,False,True,chirp3_1
7824b42f-026e-4c6b-955f-8edf1a2eb48d,train,0,jpn,True,True,True,chirp3_1
c2b0593a-ae3b-4b7e-ba13-33e90d991661,train,0,nld,True,True,True,chirp3_1
9a621409-3c5c-4b8d-a81a-d12b3c5b31d2,train,0,ukr,False,True,True,chirp3_2
c234f6a9-7b39-4510-90bd-b4da66660e65,train,1,eng,False,False,True,chirp3_1
9a51642c-ae7a-4249-aff2-b03426832d00,train,0,fin,False,False,True,chirp3_2
bc7f68c1-4056-48cb-8ee6-8133a4f965f6,train,0,ind,False,True,True,chirp3_2
d1b6d90f-1577-4645-aa2d-f7632b120fcc,train,0,jpn,False,True,True,chirp3_1
9a863f27-de1e-471e-9921-40b6d4a34d5e,train,0,eng,,,False,liva_1
9a37659d-492f-4dac-a4ef-ae7f9eb4707d,train,1,nld,False,False,True,chirp3_1
7879967d-7055-447a-ba26-bd41587fc026,train,1,deu,True,False,True,chirp3_1
1f054ea9-0e7a-4ca5-8e51-57e3a0cb529f,train,0,mar,False,True,True,chirp3_2
ea4d42bd-cc4b-422e-8e77-d5ea8e923288,train,0,ind,False,True,True,chirp3_2
787842fb-ad26-4b7e-bb6c-962eadccc30d,train,1,eng,True,False,True,chirp3_1
94090675-e86b-40e3-afaf-938fac2a7c16,train,1,tur,True,False,True,chirp3_1
1f3f757f-f528-4cba-b651-2c0f68d861e0,train,1,eng,,,False,liva_1
d19952ae-d8ba-4231-b422-cac28ab21ff8,train,0,zho,True,True,True,chirp3_1
c23447fd-adf4-410e-ab38-2a2a0dbbe185,train,0,ind,True,True,True,chirp3_2
a3aee7bb-d905-4dc7-8a1e-434d33b75a8a,train,0,hin,True,False,True,chirp3_1
d1c794b9-2d57-4c92-8b97-7c2a31edd61f,train,0,eng,,,False,liva_1
a39342b7-fa18-464d-9bc9-f4af5151b526,train,0,eng,True,True,True,chirp3_1
93ed9c07-ab7b-4144-8a8a-d1d1cfe55f35,train,1,por,True,False,True,chirp3_1
1f2ab800-149d-4fb9-b409-a2630f4be23b,train,1,rus,True,False,True,chirp3_1
7860cba2-9327-4b07-918a-5a1af53ef135,train,1,fin,True,False,True,chirp3_2
ea3c55bb-c216-44aa-a607-02df230535c2,train,1,hin,False,False,True,chirp3_1
d51868eb-ea81-421e-8c43-785534de557a,train,1,tur,True,False,True,chirp3_1
d505c07e-21ce-4195-97d0-99ee480d51f9,train,1,ara,False,False,True,chirp3_2
d4c129d3-0bc4-4e8c-9c6e-f83c08a5c0d5,train,0,eng,,,False,liva_1
9a95a652-5086-4be2-b0ec-d9eedae0e44c,train,0,eng,,,False,midcentury_1
1f13f8da-a058-4237-9af0-e5112b545ce5,train,1,deu,True,False,True,chirp3_1
94050a5b-adcc-49ae-972d-2e5816d7c85c,train,1,mar,False,False,True,chirp3_2
d1ca98af-0474-4207-a4e8-48f853f8d389,train,1,nld,True,False,True,chirp3_1
ea58140d-261d-498a-8585-3deca1036cb0,train,1,eng,True,False,True,chirp3_1
9a3d1cab-366d-4a5c-9435-9b6047727c8a,train,0,mar,True,False,True,chirp3_2
1f016bf6-6f25-4421-9ebe-fa21bea784a2,train,0,eng,,,False,liva_1
9a86f187-f8c3-4217-9e42-c32a7b2f38d2,train,0,ara,True,False,True,chirp3_2
1ee45f30-b96c-4d28-b44e-d11946581e53,train,0,kor,False,True,True,chirp3_1
c248650d-690e-4f42-8e99-9fa0dea735c0,train,0,fin,False,False,True,chirp3_2
a384b759-93ff-4145-9b94-753d019e739f,train,0,eng,,,False,liva_1
c270003f-44f8-4776-b88c-67888a07ad3c,train,1,mar,True,False,True,chirp3_2
d4c47508-785c-45ea-8cb6-355155621cb6,train,0,ben,False,True,True,chirp3_2
1ef40c1e-c2aa-48d5-becd-388bdd712529,train,0,ben,False,True,True,chirp3_2
a3c206a0-b84d-419d-bf8a-158b40b0a2f1,train,1,ara,False,False,True,chirp3_2
9aae2dfd-538d-4cda-b2b6-1be9f5744102,train,0,eng,,,False,liva_1
c295ca38-0da7-4889-8497-83ce6a62a067,train,1,vie,True,False,True,chirp3_2
ea7b7c68-3d1a-4170-a393-d15cba812d50,train,0,ukr,False,True,True,chirp3_2
c273aa32-cabf-4a2b-b4a2-76d94ca2b7bf,train,1,hin,True,False,True,chirp3_1
1f19b0f6-ea11-460f-a186-5fe1003f7ba0,train,0,ind,True,True,True,chirp3_2
9a2d4a7a-5df0-4027-be87-c444a0a33330,train,0,ara,False,True,True,chirp3_2
78291b40-3473-4f00-adaa-c9607b25453a,train,1,kor,False,False,True,chirp3_1
940e3e7e-2b1c-4967-bc85-339bc83991ed,train,1,spa,True,False,True,chirp3_1
ea42631a-cea1-4bfa-abe5-bd537f4773f0,train,1,rus,True,False,True,chirp3_1
eaa51985-00e5-4ebb-9a00-c904cffeb878,train,1,mar,False,False,True,chirp3_2
784729f3-8c6e-46c2-9d7c-8054bdb298e2,train,1,eng,,,False,liva_1
bc33cdea-cff7-4a7e-9aa7-107f479c39ae,train,0,ind,False,True,True,chirp3_2
a38d9b14-9906-4abd-b871-d1eb14c3f417,train,1,eng,,,False,liva_1
a3d63c31-1f95-4780-8651-3e39efc998a5,train,1,fin,False,False,True,chirp3_2
eaa477b5-cab5-4ee9-a6be-9ff2db0bc55d,train,1,eng,,,False,midcentury_1
9466f6b9-f34f-4ab3-b2d8-083e213a7017,train,0,nld,True,False,True,chirp3_1
ea829ec7-1da9-49dd-a2f8-a2add5da3c80,train,1,nor,False,False,True,chirp3_2
eaa1ae83-2374-4ca3-b7fb-27cdd532a975,train,1,hin,True,False,True,chirp3_1
1f4cd606-8a47-4bb9-a03a-4f4abecf121c,train,0,dan,False,True,True,chirp3_2
1ee17d18-a730-4897-b852-802df3ad10cc,train,0,tur,False,True,True,chirp3_1
785c960f-507d-4946-8483-3b4f37c4924b,train,1,kor,True,False,True,chirp3_1
bc653c92-c143-4ed7-9c2d-44fb1e4df93c,train,0,rus,True,True,True,chirp3_1
d1e93567-696e-43ef-a7ee-b73d1452b9cc,train,0,por,True,False,True,chirp3_1
783544e2-4444-496f-b089-3abbbd9e995b,train,1,eng,,,False,liva_1
ea6ec9f0-a653-4b00-a49b-79d66384854d,train,1,jpn,False,False,True,chirp3_1
d515f080-0dc7-441a-ad40-43d69af72a5e,train,0,por,False,True,True,chirp3_1
d4aaaebf-8f88-4df1-9223-42c646372d7c,train,1,nor,False,False,True,chirp3_2
d51b2c1d-f5db-457d-9ab6-70991e15de20,train,0,rus,True,True,True,chirp3_1
a3c07a60-5f2b-4876-9717-99e0ab44e9d0,train,0,fra,True,False,True,chirp3_1
9a866d87-31a0-4250-874b-deafcf5f9fed,train,0,fra,True,True,True,chirp3_1
d4f35ba3-916a-49a5-bce3-e0b9752326c9,train,1,pol,True,False,True,chirp3_1
d4ace5a6-edd4-4f20-9af8-6f4f00ada700,train,0,eng,,,True,rime_2
d1b4e968-7714-42e8-942a-269b06408973,train,1,spa,False,False,True,chirp3_1
ea4487eb-b352-4f24-9cbe-31bf18eb3f77,train,0,nld,True,False,True,chirp3_1
d4c996b0-f70e-4b11-b864-19271a16d463,train,1,eng,,,False,midcentury_1
1edf21de-f551-4e80-977c-3d2a2932713a,train,0,eng,True,True,True,chirp3_1
d1cfa82b-2844-4539-a302-05818e9c4267,train,1,kor,False,False,True,chirp3_1
1f51f96f-aee2-424d-a9fd-b27be8b11230,train,0,deu,True,True,True,chirp3_1
9a77f706-432d-4aca-bd6e-bd842dee74a3,train,0,por,False,True,True,chirp3_1
d1b9fbca-70b2-435c-90bd-c6b79880daaf,train,0,eng,,,True,orpheus_endfiller_1
a391ba9f-1f8e-4c09-82a7-cb2adc93a00f,train,1,nld,True,False,True,chirp3_1
93fb5074-d19b-456e-814b-6adf75b4a11a,train,0,dan,True,False,True,chirp3_2
c26a2732-f875-4fad-8bd7-6bbba1d74219,train,1,jpn,False,False,True,chirp3_1
9a5e3347-040b-4841-9287-45df82d5ffcc,train,0,deu,True,False,True,chirp3_1
bc2960a0-6de0-4fd3-8ed3-59a8f564079a,train,1,mar,True,False,True,chirp3_2
d4c690c1-e473-4ebc-adfe-2378e9c20560,train,1,ind,False,False,True,chirp3_2
c27b4e2f-661a-4c8e-8c51-af60628ff118,train,1,hin,True,False,True,chirp3_1
c26eb238-5d62-4f87-b615-8749f5b949e6,train,0,ita,True,True,True,chirp3_1
ea3a568b-e362-4393-b1e0-bb497cb033d2,train,1,eng,,,False,liva_1
bc421d5c-e77c-4613-afcd-21a3c542f7c3,train,1,ara,False,False,True,chirp3_2
1ee2691f-eaf9-4731-b58c-b2925b0f31ef,train,1,eng,,,False,liva_1
a3b9b657-e119-4178-9f02-f890e1ae2a24,train,1,eng,False,False,True,chirp3_1
1f2671c5-ceea-4a57-a096-3c3b4035f966,train,0,eng,,,False,liva_1
782f791a-3dba-480c-9ffe-1c1fe584743f,train,1,nld,True,False,True,chirp3_1
c2594ec8-6d8d-4866-9c89-4e58c686f91b,train,1,deu,True,False,True,chirp3_1
a3780d88-666a-4464-b5d0-d24d43ee3a35,train,1,eng,False,False,True,chirp3_1
a3f5b598-1f55-4b96-9b26-8b8348aa1d67,train,0,tur,True,True,True,chirp3_1
9a7139d6-960b-4d47-9dfa-a6a767101c86,train,0,eng,,,False,liva_1
c240d67f-961c-45b1-b663-d0bc00109eea,train,1,dan,True,False,True,chirp3_2
1f0c8b4e-1b3d-4385-8c80-848524b82ad4,train,0,ita,False,True,True,chirp3_1
9a4e969d-ae4a-41d5-ade9-3db67a3aa134,train,0,eng,,,False,liva_1
c27e193c-b01b-44a8-8043-d38f7c1f444f,train,0,por,True,False,True,chirp3_1
ea3ba751-2f24-4417-886b-670655b49d1b,train,0,eng,,,False,liva_1
bc26c528-2012-4d7a-83fa-96560a428a7b,train,1,ita,False,False,True,chirp3_1
c2263a58-30a0-451b-8feb-3b3842924efc,train,1,kor,True,False,True,chirp3_1
781471a2-66ae-4a2f-9d41-03bd961edcbd,train,1,nld,False,False,True,chirp3_1
c22947a6-61b8-4b0b-8ddb-4137a4cc67c3,train,0,ind,True,True,True,chirp3_2
c24957b1-aa91-4682-b619-4451b2ecc5b7,train,0,jpn,False,True,True,chirp3_1
bc261c5e-ab4f-46bf-bc29-b859202a3154,train,1,deu,True,False,True,chirp3_1
d4c14ad4-39ab-496f-ba2d-12fee23ea5af,train,0,eng,,,False,liva_1
bc88b7f2-94d1-45b6-aa34-09dea219fe70,train,0,eng,,,False,human_5
c26a7c18-4d80-4554-ab3a-8556067f6518,train,0,nld,True,True,True,chirp3_1
d4e92e1a-4a19-48f2-81fd-8f6ab1ad2575,train,1,por,False,False,True,chirp3_1
c2473a05-befb-40c6-9590-57edc08de098,train,1,hin,False,False,True,chirp3_1
d1a4fe21-6b6e-45d5-847f-34cc09b5b80b,train,1,eng,True,False,True,chirp3_1
1ee7e279-080d-4873-98c1-11aa95390b2f,train,0,fin,True,False,True,chirp3_2
a3aae95e-eca5-4cfd-bd0b-acf45a4dc0f2,train,1,eng,,,False,liva_1
7883a013-4330-4ce4-91e9-1caa1d12c5b7,train,0,eng,,,False,midcentury_1
bc6ac019-d154-4ed7-9c16-5f113594df64,train,1,fra,False,False,True,chirp3_1
9439a50a-c185-482a-b23b-b93c80858792,train,1,vie,False,False,True,chirp3_2
c236bc8b-adc7-4994-adf1-adc968d687e3,train,1,dan,False,False,True,chirp3_2
c28fcec7-981d-4a69-9949-bb29392373c9,train,1,jpn,True,False,True,chirp3_1
a3dea012-971b-406e-b115-f01903101322,train,1,eng,False,False,True,chirp3_1
9431496c-0d43-4bb9-a6e6-fe2c3492ddbc,train,0,ind,True,False,True,chirp3_2
a3c458bc-a3c2-493b-b12d-e4edbd779f08,train,0,por,True,True,True,chirp3_1
ea4d7eba-fec5-46ec-bbad-cfb36b0f16bb,train,1,eng,,,False,human_5
1f1ae297-33f4-4327-aab1-9d72ab1b7b90,train,1,nor,False,False,True,chirp3_2
d4fc24ff-775f-44ee-90a3-01ee9994bff3,train,0,por,True,True,True,chirp3_1
d18af021-6a08-42ee-b2fc-9d5d33d63509,train,0,eng,False,True,True,chirp3_1
9a87a4ff-08be-4412-a9cf-d01847d19755,train,0,eng,,,False,liva_1
c2234103-029f-4475-a0a2-270178d104c7,train,0,deu,True,True,True,chirp3_1
1f2789ad-d410-47e6-877d-99e015f38e2e,train,1,fra,True,False,True,chirp3_1
a3a1c1cd-7adf-4c22-814c-baf024d099d8,train,1,por,True,False,True,chirp3_1
d1919a75-254f-4198-a97a-4d343263176a,train,0,deu,False,True,True,chirp3_1
bc6cf1c4-8231-4bab-9db2-bc5dfe6e07ae,train,0,por,False,True,True,chirp3_1
9a658976-4911-49df-bc2c-16fa68d80f6b,train,1,nor,False,False,True,chirp3_2
9a2f2dff-ecd3-4462-8485-f73cb11dd2d7,train,0,dan,False,False,True,chirp3_2
d4aeed6b-fadd-463c-ab2d-a23fb4347354,train,0,eng,,,False,liva_1
944a2d80-8c7f-4508-bb58-183e7afa5408,train,1,spa,True,False,True,chirp3_1
c2620d08-434b-4d06-b6da-7ca41939b220,train,0,tur,True,True,True,chirp3_1
d4aa4655-c1b4-410e-b00d-7a63daf368f7,train,0,vie,True,True,True,chirp3_2
93fc0424-df56-4a25-9fe7-f189150e1fa4,train,0,por,True,False,True,chirp3_1
bc10a591-60b6-4eed-8a3e-485039d0603c,train,0,kor,True,True,True,chirp3_1
ea8efb36-bfb0-4f06-af07-af358062a2d0,train,0,ind,False,False,True,chirp3_2
ea555892-5d6b-40a2-94e5-c279942ad198,train,1,rus,True,False,True,chirp3_1
1ede71f4-bea4-42bd-a5a7-244edc01dff1,train,0,eng,,,False,liva_1
c25914fe-3b29-4d46-9290-a6f23c145294,train,1,por,True,False,True,chirp3_1
d4d0503c-f1d3-427a-b4dd-1e3b66846d47,train,1,vie,False,False,True,chirp3_2
d4d61f73-5b4d-447f-9dbb-f24c6dcb1eb8,train,1,tur,True,False,True,chirp3_1
a3af73f3-b357-42c3-ab7e-852602d767e0,train,0,eng,,,False,liva_1
1ed00d8f-6fa5-4138-9843-0c5711d240b4,train,0,nor,True,False,True,chirp3_2
d1d2ae3e-65fe-4c20-ac48-03f271d2abf7,train,1,eng,False,False,True,chirp3_1
94515118-272f-4b24-9a2b-88fa1e2bbe6b,train,1,eng,,,False,liva_1
d1c529e8-f846-4b5e-87ec-2af2c77925f6,train,1,fra,False,False,True,chirp3_1
1f249a66-f68b-4da8-8bb5-72331d9084e4,train,0,rus,True,False,True,chirp3_1
bc5087fd-1da7-47e7-ab39-fc7b80aedef8,train,1,ukr,False,False,True,chirp3_2
a3f05a23-39a0-45e5-8603-30ab22ea77fc,train,0,fin,False,True,True,chirp3_2
ea6c3bbb-744b-40e3-a5f0-aa01b08c2005,train,1,pol,False,False,True,chirp3_1
c27a8459-f215-4565-af92-fd07011ac3ad,train,1,ara,False,False,True,chirp3_2
94252e39-e057-4fa6-b2a8-d7e93ce3672d,train,0,spa,True,True,True,chirp3_1
d18f7ba2-bcec-4450-a811-1798d1a5eadf,train,0,eng,,,False,liva_1
1ee1854b-20c3-43a6-b5fe-92ed98cbc2ee,train,0,ita,False,True,True,chirp3_1
a3fd3f18-8ef1-47b4-906f-39279357b5a4,train,0,eng,True,False,True,chirp3_1
a3ba605e-ae25-467a-8d65-a842e4163394,train,1,nor,True,False,True,chirp3_2
1ef93cf8-35d1-4084-8c46-315827745339,train,0,nld,True,True,True,chirp3_1
9419061d-17bf-44ab-8087-d909689e9d6a,train,1,eng,,,True,rime_2
ea54bf2c-a38a-44d0-abe9-f1127290cbe0,train,1,ind,False,False,True,chirp3_2
9a8f8b8d-2b75-4230-b66a-5a4799b055c0,train,1,nld,True,False,True,chirp3_1
d1c9873a-3a2c-401c-be01-b9ff88809043,train,0,eng,,,False,liva_1
941b21c7-99b7-47cf-88d5-b574c1ed51b9,train,1,dan,False,False,True,chirp3_2
ea452301-30a6-4c3c-99ee-83fc079dba12,train,1,fra,True,False,True,chirp3_1
d19fe7d9-3ed9-4a7d-8c8f-99df72e6086b,train,1,nld,True,False,True,chirp3_1
d4e4a649-651b-4209-a1d0-fa929f558140,train,0,eng,,,False,liva_1
c271647d-a9ed-4bc1-b0e9-32c702e5a43f,train,0,eng,,,False,liva_1
d2033162-405c-42ca-bd0e-dd2c25d61c11,train,1,eng,,,False,liva_1
ea672bb9-8934-42aa-ae46-98742f6390de,train,1,ita,True,False,True,chirp3_1
d1c48c05-de8c-464c-be82-1b4e12db3590,train,0,nor,True,True,True,chirp3_2
941366ed-ed2b-422e-8d69-cd8a0125e4f9,train,0,ind,True,False,True,chirp3_2
9a6787ea-27f9-4e47-be8d-2c4d4382c57a,train,0,por,True,False,True,chirp3_1
bc50c194-2573-4b41-b897-2d55f1e20ddc,train,0,hin,False,True,True,chirp3_1
1efa0ce2-bbb1-44a1-90ca-bbb9537c167e,train,1,ind,False,False,True,chirp3_2
784ebfc4-745d-49bd-8e4b-774c8810b456,train,1,ind,False,False,True,chirp3_2
78622b33-9fcc-4805-8358-c48b0b70cfd1,train,0,vie,False,True,True,chirp3_2
c24174a8-f923-4884-9c6c-cab3e5329f41,train,0,jpn,True,False,True,chirp3_1
d1e5ecce-4ee1-4f59-8574-f07120d08922,train,1,spa,True,False,True,chirp3_1
9465a371-3e3e-49e7-a57c-bee949b1ca82,train,0,ukr,True,True,True,chirp3_2
d4facd52-a29e-4ea5-824a-cc07e6bf7413,train,0,ara,False,True,True,chirp3_2
a377b888-0140-4107-a099-e7a89976903e,train,1,nld,False,False,True,chirp3_1
1f406906-f7d7-4f84-adc1-af385bb66758,train,0,eng,,,False,liva_1
bc3af4b9-89a7-4ba3-bf2e-b5ab38bdac7e,train,0,eng,True,False,True,chirp3_1
c243fb68-caaa-4455-bfce-3efabacdc9dd,train,1,ukr,False,False,True,chirp3_2
d1adc844-62e0-4d1e-9abe-747bbe2db618,train,0,ukr,False,True,True,chirp3_2
c218d486-58ba-4ad1-b951-58116e730ee0,train,1,ben,False,False,True,chirp3_2
d18f512a-5185-4610-bc2a-cb4d2b6131af,train,0,nld,True,True,True,chirp3_1
78506b3b-bb8a-4d3b-b1c6-8c9eb557de6d,train,1,tur,False,False,True,chirp3_1
94021ca0-4acb-46ec-93b6-01ba535adc4f,train,0,nor,True,False,True,chirp3_2
d1d96933-5692-423b-a03d-77017d05629d,train,1,nor,False,False,True,chirp3_2
c2933fec-f2c4-4f62-a413-e6f1772381db,train,1,eng,False,False,True,chirp3_1
d1d10ce6-0a02-418a-96fd-31a53a3ea40b,train,0,eng,,,False,midcentury_1
a3dd20b8-d3aa-44c5-993b-35f2a5b697c6,train,0,ind,False,False,True,chirp3_2
786c0349-bbff-4e1f-8f49-1d5a36336c65,train,0,fin,False,True,True,chirp3_2
1ee0bcb1-c993-4a2a-9cae-2f5a8c467e66,train,0,eng,,,False,liva_1
d1a706d7-8644-48c8-92da-9927eac6a074,train,0,kor,True,False,True,chirp3_1
1ef9cda4-1877-4270-92ab-370b598d66a0,train,1,eng,,,False,liva_1
bc532026-372d-4851-8837-79da9edb0a4e,train,0,eng,,,False,human_5
c29b5144-383c-4d8c-b172-6b952d98e6fd,train,1,fra,True,False,True,chirp3_1
a3c8c7a3-ad71-45a9-b832-086e1cdf93f7,train,0,mar,True,False,True,chirp3_2
d4b60cb3-50aa-441e-ae87-8a2660ff9aa3,train,1,fra,False,False,True,chirp3_1
942cea95-df4d-4637-94d8-861830916ef4,train,0,eng,,,False,liva_1
1f271ded-6bda-492d-ac85-d26282a6bd0d,train,1,eng,,,False,midcentury_1
9a7251ce-4338-401b-a12f-5a6232ff19d6,train,1,spa,True,False,True,chirp3_1
93f2533b-ea24-4563-9e72-c1381577640c,train,1,jpn,False,False,True,chirp3_1
bc82f988-3569-42cc-8831-6a2e3047002f,train,0,eng,True,False,True,chirp3_1
944ea0f8-db90-49fc-a4fa-668f0ee9ff2c,train,1,ara,True,False,True,chirp3_2
1ef60435-13b7-4848-a799-1c578585d862,train,1,eng,False,False,True,chirp3_1
781cc3fd-586b-4d1b-ae00-733a531d693b,train,0,nld,False,True,True,chirp3_1
9a43ef3c-30ff-465d-ad4e-2ee5612cfa5e,train,1,pol,False,False,True,chirp3_1
eaa58a61-9a1f-4239-82ed-9b95288b3a1d,train,1,dan,False,False,True,chirp3_2
94388499-2315-4a04-80bf-ac54b45023ee,train,1,ara,True,False,True,chirp3_2
bc3ebe55-49ac-4f87-8c75-a9f3e8473db5,train,0,fin,True,True,True,chirp3_2
941a4f96-eb27-4b8a-996b-1f35e6bfc20e,train,0,fin,False,False,True,chirp3_2
d5174076-ddaa-4fc4-abb6-bd88e9eedf1f,train,0,kor,False,True,True,chirp3_1
a3a0546a-4227-4d6b-8a08-a0332ad1149a,train,1,por,True,False,True,chirp3_1
bc2687e2-94c0-4ce9-a887-ce28e409ab07,train,0,fra,False,True,True,chirp3_1
942e69f8-5129-4766-9a16-8ab046584786,train,1,spa,True,False,True,chirp3_1
9a594472-b7cc-44aa-a35c-691418b364da,train,0,eng,,,False,liva_1
d206fbfe-33e7-4355-ae86-25db0259e41b,train,1,vie,False,False,True,chirp3_2
c22ea991-6dc2-47f5-bdd5-bafa9e054495,train,1,pol,False,False,True,chirp3_1
1ee211dc-0a4e-46a0-9052-07cbd7adf450,train,1,pol,False,False,True,chirp3_1
bc3ef64d-8be9-4f72-9631-e8a1b8131464,train,0,nor,True,False,True,chirp3_2
78364918-9705-4fd2-aed5-84f3da50e98b,train,0,dan,False,False,True,chirp3_2
782729a5-6d49-4381-8d29-cff434c8cac7,train,1,ukr,False,False,True,chirp3_2
bc5f3916-ff30-44e7-9165-832cf7e72cdc,train,0,ukr,False,True,True,chirp3_2
9aa9da40-9570-4aa8-beb5-d57b94cdcdef,train,1,eng,,,False,liva_1
d21007bf-8eef-446a-bebb-80cf06a2bb55,train,0,eng,,,False,human_5
a3bb333a-cac8-43a0-94a1-190485de70ba,train,0,eng,,,False,liva_1
d4f3fa27-55df-4c44-8426-9489537ad546,train,0,vie,False,True,True,chirp3_2
bc24299e-568b-4548-aecf-1a26eb66ec0f,train,0,por,False,True,True,chirp3_1
bc33458a-10b3-4127-964f-5d0d043ddf77,train,1,zho,False,False,True,chirp3_1
1eda6e73-34e8-4e2b-a40d-de7c75da471f,train,1,mar,False,False,True,chirp3_2
d5129137-7408-4167-9307-4866ff94c407,train,1,rus,True,False,True,chirp3_1
1f034f76-752e-46fb-b872-02c079e3d55a,train,0,dan,False,False,True,chirp3_2
d4d46f4a-bccd-4b2a-ab52-8db92d338c49,train,0,ita,True,False,True,chirp3_1
1f30fa1a-73ce-484f-813d-20f69003aea9,train,1,por,False,False,True,chirp3_1
a37aa5d4-5b57-42e7-9f9b-5424199e18e7,train,1,hin,False,False,True,chirp3_1
a39053ff-040b-4221-9821-5e340de6e495,train,1,fin,True,False,True,chirp3_2
c27a840b-2447-43bf-9aee-f4858c11b4a1,train,1,vie,False,False,True,chirp3_2
94614144-0bd6-4e11-b70a-d7a0b986a8a5,train,0,hin,True,True,True,chirp3_1
93f0ba55-7f04-4592-836f-f7336b12bffa,train,0,eng,False,True,True,chirp3_1
7806fbc0-2e68-4ba1-9cd2-e678ffb2bc9b,train,0,ara,True,False,True,chirp3_2
a404ee45-dc4d-414e-9e8d-f4067b6e15e3,train,0,fin,False,False,True,chirp3_2
a3c0ea72-f9c2-495a-aafc-dff9a0cebbb3,train,1,vie,False,False,True,chirp3_2
bc44a35c-55da-41e2-8baf-246907df3b01,train,1,eng,,,False,midcentury_1
1ed160d4-c073-4fe8-9ae0-8b13c5a48c2a,train,1,zho,True,False,True,chirp3_1
a383f24c-1658-4f45-bcf7-52d7996457eb,train,0,eng,True,False,True,chirp3_1
bc62b97d-e6e4-4501-95e1-299bab34cd8b,train,1,zho,True,False,True,chirp3_1
bc04c1de-a77b-461a-89a4-cc9234830542,train,1,por,False,False,True,chirp3_1
94594ff8-39c6-4882-bcf8-75def5d9d864,train,1,fin,False,False,True,chirp3_2
a384f594-f9a1-4710-93f1-5a5c98d3c5b2,train,1,fra,False,False,True,chirp3_1
1f03e93c-32cc-4094-9e9f-63b7c691bbae,train,1,jpn,True,False,True,chirp3_1
784bbca2-3d35-493b-9309-9de4d5167125,train,0,nor,False,True,True,chirp3_2
c2a2efd6-3e4f-4788-a080-3e37dac5b6a6,train,0,spa,,,False,mundo_1
d4d26aeb-b567-4cb6-9ce7-d7ffe2a8ac94,train,0,fin,False,True,True,chirp3_2
9a78f233-4ba7-489d-a271-c5f000db3e0b,train,1,eng,,,False,liva_1
d1bd34dd-3c8f-4347-81d2-8163b6862cd5,train,0,deu,True,False,True,chirp3_1
ea8c8752-2cdd-4528-a73c-1657149b18b4,train,1,rus,True,False,True,chirp3_1
1f597566-a648-43a2-a6b8-f869ed6d084f,train,1,jpn,False,False,True,chirp3_1
9a373482-470a-4508-8761-42205485742d,train,0,kor,False,True,True,chirp3_1
c274ab65-75cf-4712-aeaf-5a4e92477cea,train,0,spa,True,False,True,chirp3_1
a3a8fb7d-1fde-4f17-bee8-981c4d16f4c4,train,1,vie,False,False,True,chirp3_2
1f084225-aa50-4ffb-a54a-f3b4c1b187c5,train,1,jpn,False,False,True,chirp3_1
9a540c9e-59e4-407c-b956-c3b53277c34e,train,0,eng,,,False,liva_1
bc077285-b683-4f49-926b-223de7f44fdd,train,1,eng,,,False,liva_1
9a4b1c96-67bc-4904-8569-221f7292b555,train,0,eng,,,False,liva_1
bc6d645d-d3f3-4714-992f-1c969bfd6615,train,1,hin,False,False,True,chirp3_1
a3b7ecfb-1d90-47d8-8887-fc614673a9d2,train,1,deu,False,False,True,chirp3_1
1f1f84ee-2d70-4a0a-827d-2fe5215a4af2,train,1,ben,False,False,True,chirp3_2
1eda3ece-231b-4fbd-b671-935d1b433c34,train,1,eng,,,False,liva_1
bc52f477-87e4-45a6-840e-ef86adf3ffa1,train,0,ukr,False,True,True,chirp3_2
9aa3915d-2cd6-41dc-b72f-09a451e25fd7,train,0,dan,False,True,True,chirp3_2
93fa7966-6994-4bb7-9663-aede62720375,train,0,fra,True,False,True,chirp3_1
9a2760bd-6585-4363-a1cb-eef3a5eb5d12,train,1,eng,,,False,liva_1
78838026-1482-4c57-8d67-410365d2be4c,train,1,ita,True,False,True,chirp3_1
94299ba2-982e-4abe-a69a-41cbcc11b3c4,train,0,por,True,False,True,chirp3_1
943dc084-63bc-4c09-94ab-0c63a6d91f6e,train,0,ind,False,False,True,chirp3_2
bc401349-71e1-4df9-85ea-41b5cc7bd8fc,train,0,hin,True,True,True,chirp3_1
c22f02ea-fa53-4e44-8873-da163c13f26a,train,0,hin,True,False,True,chirp3_1
d5003c38-ae7d-4350-addb-7afa2273f480,train,1,eng,,,False,midcentury_1
a3ef6be4-dbd8-4af7-9336-66295035ce96,train,0,eng,,,False,midcentury_1
c294ba5e-58b8-4908-a33c-44737a473d98,train,1,fra,False,False,True,chirp3_1
a3cbc3ed-2606-4f72-b754-c95aa22b774a,train,1,nor,False,False,True,chirp3_2
a3c62e01-c95c-4638-8efd-d5fe6082344d,train,0,jpn,False,True,True,chirp3_1
d4c20346-c7f0-4693-b983-d9cd12900b6d,train,0,pol,True,True,True,chirp3_1
9a72a814-8f53-43f7-8366-297af2ab2031,train,0,nor,False,True,True,chirp3_2
946c89f4-38c7-4d89-8097-5e96a7cdf4a4,train,1,eng,,,False,liva_1
d1e7cca3-615c-4357-856b-5e12791018d3,train,0,ukr,False,True,True,chirp3_2
7870acbe-a498-49a3-a915-d4da777ffccd,train,0,hin,True,True,True,chirp3_1
78763284-68be-4ae4-9234-5a9af81d199a,train,1,eng,,,False,liva_1
1ee3d29c-5d25-43a5-bb6a-c119807c6925,train,1,nld,True,False,True,chirp3_1
d1bd3967-7625-4ef5-82d5-54979d71f55a,train,0,vie,False,True,True,chirp3_2
7839257a-5dc4-444f-8a16-b6dc2b4ff9cd,train,1,ita,True,False,True,chirp3_1
93ede3a0-5131-4c4d-aac9-0b55c5e0219f,train,0,eng,,,False,liva_1
c22ee7bb-a23e-40e7-bb18-093ba1a17d1d,train,1,por,True,False,True,chirp3_1
a3e9a237-fb08-4e1f-80ce-bc4c8af4fb27,train,0,por,False,True,True,chirp3_1
ea90b4fd-7894-4383-9d2b-4b56c95e4d7e,train,0,nld,True,True,True,chirp3_1
bc6b4b55-34b5-4948-b623-fe03e6d5fa46,train,1,ara,False,False,True,chirp3_2
7823b988-a600-4f47-992b-abf673c82390,train,0,eng,True,True,True,chirp3_1
d4d8171a-9b30-440e-97a4-56a15cde8fee,train,0,eng,,,False,liva_1
d1e1726e-9b4b-4e6d-8e55-e856044179e4,train,1,nld,False,False,True,chirp3_1
d4dec30a-27a1-47c9-a4fe-c71118f53f82,train,0,por,True,True,True,chirp3_1
ea53e541-b08c-4d11-b410-e602cdb94e04,train,1,vie,False,False,True,chirp3_2
a399a97a-b44b-4873-b495-6667e758d4d2,train,1,ben,False,False,True,chirp3_2
a3ea7aab-f6f9-4605-85af-6b14e3be94d5,train,1,fra,True,False,True,chirp3_1
94219d7b-e5e6-40bb-bc37-320c8fedfe74,train,0,pol,True,True,True,chirp3_1
c25757b1-8984-451b-8394-d51c570d19a9,train,0,fra,True,True,True,chirp3_1
d4ed1570-3d72-4420-add9-937191d3df6d,train,0,por,True,False,True,chirp3_1
a3d79d84-81a4-4751-964f-bf280a4e5e84,train,1,eng,False,False,True,chirp3_3_short
9a5be23b-2447-4aae-86e1-edb09e2ea996,train,1,eng,,,True,rime_2
d19d1882-f99a-473c-a23f-2a0ccffedf40,train,0,kor,False,True,True,chirp3_1
93ffc085-7837-4782-a60c-af5ff795c9c8,train,1,eng,,,False,liva_1
a3911971-3570-4d40-af52-05348ba1b390,train,0,ita,True,False,True,chirp3_1
d1bb71e6-2636-47dd-a274-d5cff15da993,train,1,eng,False,False,True,chirp3_1
d4b4536f-0c9e-4869-82ad-7b0d12d3917f,train,1,tur,True,False,True,chirp3_1
a3e8de30-a05f-46f6-9ac6-4592c71c12e8,train,1,eng,,,False,liva_1
1f37e25d-952c-4fa6-9a0a-72d297de3ca8,train,0,hin,True,False,True,chirp3_1
bc5cdf53-6694-49f5-bf33-87958dd04614,train,1,eng,,,False,liva_1
7841e149-67aa-403e-8191-f84785b2aaa6,train,0,eng,,,False,liva_1
9a88483b-7b08-4036-84d8-c3765d2727b7,train,0,fra,True,True,True,chirp3_1
d4e4bd86-3821-4640-9732-2f1b2b646e95,train,0,spa,,,False,mundo_1
94756c30-870c-4404-9d14-516f8e302c7a,train,0,eng,True,False,True,chirp3_1
bc35326a-de27-4fb4-ac9e-f03b39b4078f,train,1,eng,,,False,midcentury_1
ea6507a6-b1a1-42c3-b74f-d1306486e2b5,train,0,hin,True,False,True,chirp3_1
bc4f74e5-7a5d-4530-834d-dbf023a00586,train,0,eng,,,False,liva_1
bc6cce68-3b51-4713-b220-b7d98eb3f96a,train,0,por,False,True,True,chirp3_1
941e141b-f586-4ab1-8a76-4cde1158ccfa,train,1,eng,,,True,rime_2
1f5496a3-bd97-44f4-948c-76bafc52e589,train,0,rus,True,True,True,chirp3_1
c2906e27-0cb2-440c-8748-f58049a19732,train,0,fra,False,True,True,chirp3_1
d4d39eb5-37fc-40a0-a798-49da282bae73,train,0,nld,True,False,True,chirp3_1
d1c1bfd6-151a-4cc6-8493-169f1cec0229,train,0,por,False,True,True,chirp3_1
9429980f-6950-4b59-a42d-a4969cfa698e,train,1,fra,False,False,True,chirp3_1
1edd2bbf-ebbf-4375-9ac9-0abb0da4f717,train,0,eng,,,False,liva_1
9a8019b0-2039-45dc-99ef-335ecb2a3025,train,0,ara,True,False,True,chirp3_2
78801c12-d89b-4f5a-ad22-1b3efab25e75,train,0,eng,,,False,human_5
a3c1a161-3209-41d4-8aad-a0d7b69ceb3a,train,1,tur,False,False,True,chirp3_1
9a35e158-1576-47a7-9959-93b92edf1e99,train,1,mar,False,False,True,chirp3_2
788a31d7-03dd-4ec4-aeb1-0375b06889c9,train,0,kor,True,True,True,chirp3_1
9a5256eb-6e6e-4cad-b64d-83e49bc24fd9,train,0,eng,,,False,midcentury_1
93f292a1-6df4-414f-b211-90a3c46b103b,train,0,ind,False,True,True,chirp3_2
a3815bc6-9c26-4b10-acc5-ad39475b48b7,train,1,fra,False,False,True,chirp3_1
93f57bcb-1a7c-4158-9e2e-370909c5cd6f,train,1,jpn,False,False,True,chirp3_1
9a53e912-2042-427b-8606-b820bbd39c6b,train,1,dan,False,False,True,chirp3_2
9a608c76-db40-4f21-a76f-ab3b1f2d5a4a,train,0,nld,False,True,True,chirp3_1
d51f814f-dba6-4bde-8e6b-6852f9706b3d,train,0,spa,True,True,True,chirp3_1
9a7de675-f964-4c77-822a-fe89b6931a31,train,0,kor,False,True,True,chirp3_1
944e126b-2bf8-43a8-b7f3-553a69550118,train,0,deu,True,True,True,chirp3_1
ea4f2013-0fff-4397-a51b-683e3e5ce150,train,0,eng,True,True,True,chirp3_1
9451a620-c3ac-400a-86b7-7d5341c1296d,train,0,ukr,True,False,True,chirp3_2
940b8580-710d-49ce-964a-a7dffe855cba,train,1,vie,False,False,True,chirp3_2
d4c18237-fd98-4608-9270-2d33b8447ce4,train,1,eng,,,False,midcentury_1
a3c4bb07-1865-4357-aee0-867a331daace,train,0,por,False,True,True,chirp3_1
c2225351-8a27-4778-8d06-a0ccf0d9f386,train,0,fra,False,True,True,chirp3_1
c23acf10-0a4a-4cb9-ace1-db19931f25ab,train,1,deu,True,False,True,chirp3_1
781b1bb2-f417-4a9a-91e5-4b4d988ed234,train,1,ita,True,False,True,chirp3_1
bc1ea5c9-b737-4f18-ada9-e0da3d899525,train,0,hin,False,True,True,chirp3_1
a3d2f717-31c6-4189-b720-4a432050eec3,train,0,tur,False,True,True,chirp3_1
9a781280-98cc-480f-8d6b-a5d952df2f5a,train,1,fra,True,False,True,chirp3_1
93fd4f80-02e1-4021-a232-4c755e5a6db1,train,0,eng,,,False,liva_1
7875990d-1643-4540-ab74-9a0afa41b506,train,0,pol,False,True,True,chirp3_1
c2195719-77fb-4839-b847-daf2f52f8c36,train,0,eng,True,False,True,chirp3_1
ea642db6-3f15-4bc7-ab5b-b2cec6e31f36,train,1,ben,False,False,True,chirp3_2
9415b884-99ce-4bbe-8b20-c729fdf93686,train,0,rus,True,True,True,chirp3_1
a3ac89bd-4336-4e66-9c16-b281520228e7,train,1,ita,False,False,True,chirp3_1
78349bf7-9b2e-490b-8ddf-e58d00c3d231,train,1,spa,True,False,True,chirp3_1
7827325d-9e4d-4a4b-ab3f-11d5f891205e,train,0,spa,True,True,True,chirp3_1
d50bbd69-9dd9-404c-89bd-c2ceb30a3b5e,train,1,eng,,,False,liva_1
9416b478-69db-4a5c-9bac-e7bc8c5db388,train,1,nor,False,False,True,chirp3_2
d4d4f246-6cdd-4965-ada3-515c0686654d,train,1,nld,True,False,True,chirp3_1
ea5497ee-79f9-45b3-977c-19482da92fd2,train,1,ben,False,False,True,chirp3_2
d4ea1b4a-6080-4136-9d9c-b382cf06a0b0,train,0,fra,True,True,True,chirp3_1
ea7c52f7-65e1-495c-ae61-e89d09afb762,train,1,hin,True,False,True,chirp3_1
d197275d-a85d-404c-8491-2e6d149757dc,train,1,eng,,,False,liva_1
ea945d3e-7aa6-4a8f-8749-709e6f26a44b,train,0,zho,True,False,True,chirp3_1
94111638-cae4-42d0-91f1-f52f1e9e5cf8,train,0,spa,True,False,True,chirp3_1
c23acec6-4ac7-4678-954b-d5477ec4e9f3,train,1,eng,,,False,liva_1
d1d55d50-c794-426d-8a38-122d96c41f7a,train,1,fin,False,False,True,chirp3_2
9a33e044-19ea-42a2-986b-93d9323cd85d,train,1,eng,,,False,liva_1
eaa46ceb-4c18-427e-8aa3-a236bbc46664,train,1,eng,,,False,liva_1
d1dc7b0d-0934-4450-9eb1-09bbae68f55c,train,1,eng,False,False,True,chirp3_1
ea656f55-4989-4274-9b28-0a50a0c047bd,train,1,jpn,True,False,True,chirp3_1
bc119ae6-d607-4797-b848-23d305eca095,train,1,deu,False,False,True,chirp3_1
1f39b636-b4b7-4777-aab3-7beb97933284,train,1,zho,False,False,True,chirp3_1
d18cce83-0cbb-47eb-977f-ee338afafbe6,train,1,eng,,,False,liva_1
ea53f72e-113c-434b-8a98-639be0d4ff23,train,1,zho,False,False,True,chirp3_1
bc26c507-0596-42c6-b5ce-fc69114f5fc1,train,1,jpn,False,False,True,chirp3_1
ea66d8fa-46ea-41dd-8693-d74dea3561c4,train,1,spa,,,False,mundo_1
a3e627dc-bcda-4e60-afa0-b27867d6a635,train,1,fin,True,False,True,chirp3_2
9a28b584-296e-4d97-8c8b-30b7887f3bc5,train,0,fra,True,True,True,chirp3_1
bc18e391-c882-412e-a0f4-a2bfdb1d1209,train,0,rus,True,True,True,chirp3_1
783b4afc-bd62-4e8b-ac04-0b046dbd512a,train,1,eng,,,False,liva_1
d50ac567-5a71-4be4-9c7f-a86159ff701c,train,0,spa,,,False,mundo_1
d4d60bdb-c103-4946-80ac-70681e279130,train,1,ukr,False,False,True,chirp3_2
94368b99-5a45-460d-adcc-98616eaef667,train,0,spa,False,True,True,chirp3_1
1eda015c-2d6b-4247-889f-b0de99d53006,train,0,eng,,,True,rime_2
782033a4-269b-4594-9f81-afb24ab95240,train,1,ukr,False,False,True,chirp3_2
ea3cd4e4-c283-4663-8218-4cd962115975,train,0,eng,,,False,human_5
787adf76-d692-4270-8985-f120b1ecbe67,train,1,eng,,,False,midcentury_1
ea7dfd53-8edd-436f-b3fe-865166f956e4,train,1,dan,True,False,True,chirp3_2
1ee010f1-4845-4511-83d4-5208de35c391,train,1,rus,False,False,True,chirp3_1
d1abad3a-a7ed-46e6-9461-55e1d29990f4,train,1,eng,,,True,orpheus_grammar_1
c285cfe9-9f5a-4484-8511-6dd43fcea20a,train,1,mar,True,False,True,chirp3_2
781f8548-874f-4491-9b3b-f6071a7ec11f,train,1,ind,False,False,True,chirp3_2
9a7945f7-e367-44bb-8588-8fd3c8a0ba7b,train,1,kor,True,False,True,chirp3_1
a399ec81-268b-4e44-afee-19450cda2184,train,0,pol,False,True,True,chirp3_1
bc026138-3653-48bd-bde5-2b1c5898f526,train,0,pol,False,True,True,chirp3_1
94448b1d-c728-4fac-8b3b-eeddecdf9cbf,train,0,eng,,,False,midcentury_1
bc32915e-8eea-41de-af17-519efcc6eef3,train,0,eng,,,False,liva_1
d193c539-ea26-45f2-8070-20820a87abaa,train,0,ukr,True,True,True,chirp3_2
c26c4bae-c82a-4f33-ae20-5a88fb03e67b,train,0,ben,True,False,True,chirp3_2
c25f440d-ea25-4056-8c53-52f42bc8edf4,train,0,hin,False,True,True,chirp3_1
1f3383a7-c59f-489e-880f-32bbd5b388c7,train,1,spa,,,False,mundo_1
d1f909ae-56e0-4d67-ab00-89f2b96ddee7,train,1,deu,False,False,True,chirp3_1
c25095a6-83c8-426e-a71a-f059fdc158c0,train,0,eng,,,False,human_5
ea5758a7-db57-485b-bd81-9f89bd0c25c2,train,1,rus,False,False,True,chirp3_1
d18a317a-2844-4951-8a58-069d86ab5ec5,train,1,mar,False,False,True,chirp3_2
bc6bc808-f8ba-4ce8-9dac-953c40298ce6,train,0,por,False,True,True,chirp3_1
c288c573-f185-4d8b-ba63-2ac9214c474a,train,1,eng,,,False,midcentury_1
c227cb77-f4be-4186-8234-ed079142f1b2,train,0,deu,True,False,True,chirp3_1
1ee93af2-3ee7-4ba4-8ada-1428a0aaa208,train,1,por,False,False,True,chirp3_1
bc76f6e5-e6ea-4296-9b7a-23b890afa577,train,1,spa,False,False,True,chirp3_1
a3f7774c-958c-43d8-bffb-7f37dbeb4705,train,0,eng,,,False,liva_1
d4ad4e46-7b27-46a3-bc54-6134affd102e,train,1,eng,,,False,liva_1
9a417c80-836d-4e85-acef-7a74bca26d24,train,0,spa,True,True,True,chirp3_1
a39a28b6-55b1-4192-975b-f9b0ec49131e,train,1,deu,True,False,True,chirp3_1
a3bc5a80-68d0-43ee-aeed-bdb988f69155,train,1,jpn,False,False,True,chirp3_1
bc56b1d9-5cf6-462f-aa03-0cf1f4c985cf,train,1,fra,False,False,True,chirp3_1
d1ab572b-766f-4d26-b63d-e933bd337b82,train,0,ita,True,True,True,chirp3_1
78301383-6aba-46b0-8e2d-5450d0f09d5e,train,1,spa,True,False,True,chirp3_1
d20f368f-0e40-47f4-8ea6-36642ed4253c,train,0,rus,False,True,True,chirp3_1
9a81b6e3-4514-4d74-8e00-d1a111d85a7d,train,1,por,True,False,True,chirp3_1
d1c23e3d-7f93-4012-94da-68f91a2557f3,train,0,fin,True,False,True,chirp3_2
d4d8b28d-3902-4f1c-8ae6-2669969dacfc,train,0,nor,True,False,True,chirp3_2
bc3cddc5-1de9-4231-9869-4f47af4de8a0,train,0,fin,False,True,True,chirp3_2
bc5b40eb-8c2e-4da9-99e9-fb6a4701544c,train,0,kor,False,True,True,chirp3_1
7867c4b1-7628-4e7b-bea5-9004a7c96a80,train,0,vie,True,True,True,chirp3_2
9452aac7-1133-470d-a9d1-c39f3e0e73c9,train,1,vie,False,False,True,chirp3_2
bc5cf648-91f8-4d54-ac45-63c593edfd93,train,0,por,True,True,True,chirp3_1
944d2ee9-6ee0-4e8a-90f5-f46db79550ee,train,1,rus,True,False,True,chirp3_1
1f0aa73f-c455-46f3-ba84-66e8d8138e6c,train,1,ukr,False,False,True,chirp3_2
1ed9bc2d-ae72-4dce-9d49-e46af5fd61b5,train,1,ind,False,False,True,chirp3_2
78345b18-03b8-4906-a809-10fcca27825d,train,1,hin,True,False,True,chirp3_1
1f46d68c-43a4-47e2-b66a-8a4aacac2fef,train,0,deu,False,True,True,chirp3_1
c22b18d9-8af9-45f6-b4bc-41dd7b4a85e5,train,1,tur,False,False,True,chirp3_1
945d5b45-5e7c-40e9-97ad-787f0712ead5,train,1,ara,True,False,True,chirp3_2
1f2053ed-afc5-4b48-8000-dfe63396b71f,train,1,eng,True,False,True,chirp3_1
d1a6e6f8-40a7-475b-8937-11aa98d5d0fc,train,1,eng,True,False,True,chirp3_1
9479c4fa-ac22-4e85-bb62-b9d28ea66c99,train,0,kor,False,True,True,chirp3_1
bc7f1b7a-894a-4412-b26c-40a03f456034,train,1,hin,True,False,True,chirp3_1
c23e57a7-cf29-4871-b594-23f38ab5ae14,train,0,dan,False,True,True,chirp3_2
78531419-78d8-4859-8cdd-3796a3be48b5,train,1,spa,True,False,True,chirp3_1
a3851815-a9cb-4cc6-b6b9-daa6ff037e0b,train,1,ben,True,False,True,chirp3_2
1ed4bece-4fdc-4b21-bea2-237b7b38d2f3,train,1,pol,False,False,True,chirp3_1
1edf6750-2dc0-421a-9ae6-00b08b1dbe2c,train,0,kor,True,False,True,chirp3_1
a3e26be8-6868-4bcf-8b53-851f4ece7100,train,0,spa,,,False,mundo_1
ea7b6575-3114-46ca-986b-31e1f5f57bae,train,1,jpn,True,False,True,chirp3_1
a3e5f755-2f72-472d-babf-18ea0223a9ba,train,0,hin,False,True,True,chirp3_1
eaa6e4e0-ce0a-410e-a89d-2275eea91846,train,0,nor,False,True,True,chirp3_2
942e908b-fcf5-4ec7-9ad4-017badfa97e4,train,0,nor,True,True,True,chirp3_2
eab3b097-2366-43a1-93b3-2e29460cf861,train,1,eng,,,True,rime_2
784022d2-fe0b-4d76-a51d-e8f9662fe4a9,train,0,hin,True,True,True,chirp3_1
c26797f7-49ff-4505-a674-cecdd30f7399,train,1,eng,,,True,orpheus_endfiller_1
ea445ffe-5c65-4f82-85e2-e6f0035b645b,train,0,eng,True,True,True,chirp3_1
d1b8b8a8-363e-4fd2-b063-754d387f72f3,train,1,fra,True,False,True,chirp3_1
ea6cf8b8-738f-4d07-b550-29d8d09c91d7,train,1,rus,False,False,True,chirp3_1
bc6b357a-e418-454d-b3cd-5c0a4991bbef,train,0,eng,True,False,True,chirp3_1
786f2dcf-1677-44fb-a881-47049f739738,train,1,nor,False,False,True,chirp3_2
d4d811eb-0aef-4e45-bfc4-015c16cf2349,train,1,pol,False,False,True,chirp3_1
d4f43a47-765c-47c0-a496-0966c2ce589b,train,0,fra,False,True,True,chirp3_1
93fa2486-fb63-4430-97e5-6a5f7c686a05,train,1,eng,,,False,liva_1
d1b19c0f-7f8a-4b4f-88fc-6e1fca6670ee,train,1,ukr,False,False,True,chirp3_2
c2966c4e-7a46-4221-81cf-3a27deb09f8c,train,0,nld,False,True,True,chirp3_1
1edac3a0-ee5d-4b05-baf7-4514cf1b34df,train,1,tur,True,False,True,chirp3_1
9aa02b4e-87fb-4bed-add0-445b3048d353,train,0,ind,True,False,True,chirp3_2
9a6ce62b-3cc6-4e9c-9cf6-b46105e9ae88,train,0,eng,True,False,True,chirp3_1
9a572cc5-c10c-4f52-9b77-cac0b2b43bd6,train,0,por,True,False,True,chirp3_1
d2051e6f-6e67-4482-92d6-106730f536f2,train,1,por,False,False,True,chirp3_1
d196b82b-1f74-4ec1-b762-9a2a136777d7,train,1,eng,,,False,midcentury_1
d4ccb48e-6125-4ff4-8c1d-76a32b99cb7e,train,1,hin,False,False,True,chirp3_1
ea402b70-2a89-4c0a-a884-bd83c090c5d5,train,0,ara,False,True,True,chirp3_2
9427203d-53b7-4992-bea7-1d1316de6fff,train,0,fra,True,False,True,chirp3_1
bc2a3a18-85f3-4fef-8777-6e8c2505e839,train,1,eng,,,False,liva_1
c22373b7-9425-443d-bef9-c5e951d2cd09,train,0,por,False,True,True,chirp3_1
7822f94f-a386-4abf-b9b1-1a795fc88120,train,1,ben,False,False,True,chirp3_2
bc12ce5c-2f66-44fb-9cc0-81a6e2e0cd7f,train,0,eng,,,False,liva_1
c286db15-ce5c-4d6d-9287-28fc9f706ed9,train,1,pol,True,False,True,chirp3_1
944808d6-82a2-49c6-bb60-a3c04120b59e,train,1,pol,False,False,True,chirp3_1
1f242765-eddf-45eb-a693-11e18707ecd4,train,1,por,False,False,True,chirp3_1
d4e43fe3-5ea1-432e-b8c7-37e044dc23e1,train,0,eng,,,False,liva_1
a3b63c46-7a45-4707-a8dc-b5b4bf1045bd,train,1,kor,True,False,True,chirp3_1
bc1f0d20-1260-49a4-b756-77e84cab4fab,train,0,spa,False,True,True,chirp3_1
945d260a-3c8a-4d0e-8f96-a2e59cfcad0d,train,1,ind,True,False,True,chirp3_2
7858032c-2afc-4909-bb29-1c3361ecc941,train,0,eng,,,False,liva_1
9a570c07-83ad-47e5-8fef-24113c9a4d8b,train,1,nor,False,False,True,chirp3_2
a3979cc1-75ac-434d-949e-47abd199bc82,train,1,ukr,True,False,True,chirp3_2
bc02c1f7-c276-4656-8cca-6b014e9698eb,train,1,mar,False,False,True,chirp3_2
9a6e713f-d44a-4120-a558-4d796db1bf3f,train,1,pol,True,False,True,chirp3_1
d4e045c5-dde3-4002-9b20-1a3eddc833d3,train,1,nld,False,False,True,chirp3_1
c247dfef-6b82-4acd-9997-b32840c63d44,train,0,fra,True,True,True,chirp3_1
1ee7daf3-2938-4e0f-bc15-5576e0351592,train,1,zho,True,False,True,chirp3_1
eaaddccb-0703-49fa-81ae-ab7fb82dd7bb,train,1,eng,True,False,True,chirp3_1
784b6925-28f1-44e9-9c81-4ba2d9588cb5,train,1,kor,True,False,True,chirp3_1
780bbdbe-a80b-4d72-aa86-584adace2dc5,train,0,ara,True,True,True,chirp3_2
bc2ec056-f75b-4189-bf87-6b74bf59a6d9,train,1,zho,True,False,True,chirp3_1
d1c05cc1-9ef7-48ae-a17d-c6e8b42e3aaa,train,1,rus,True,False,True,chirp3_1
d4ca3572-371d-448b-92a8-d01bac2dad09,train,1,nor,False,False,True,chirp3_2
c27fe188-f065-4972-8651-dacecf0aa904,train,1,deu,True,False,True,chirp3_1
d1c9619d-d029-4ecb-8fd9-94640307d483,train,1,eng,,,False,midcentury_1
d4eba797-8c50-4a3b-a4df-46fd5da469aa,train,0,tur,False,True,True,chirp3_1
ea627fb2-53fe-456d-ba53-d7c248c8dc47,train,1,rus,True,False,True,chirp3_1
c24463af-7fcf-4833-b3ef-c04946f41ca0,train,1,spa,True,False,True,chirp3_1
ea4ccf6a-261f-493d-8647-931e10b80b17,train,1,vie,True,False,True,chirp3_2
d1a51922-ab4f-4a60-848f-fd2a3047454e,train,0,rus,True,False,True,chirp3_1
a3b324bb-5ad6-4004-8fcc-30821a6838e2,train,0,zho,False,True,True,chirp3_1
780813cd-fb13-47e5-9009-b04b18d03c57,train,0,eng,,,False,liva_1
78031255-06f0-46b9-9265-394ad7cf092c,train,1,deu,True,False,True,chirp3_1
d1b38eca-1b75-47e7-bc41-cd470cfa66ec,train,1,nld,True,False,True,chirp3_1
d4bfe2be-be25-4de3-b957-a1472ba4879b,train,0,pol,False,True,True,chirp3_1
9476640c-ba8b-4b31-ba79-d7c9c7e4f1ca,train,0,vie,False,True,True,chirp3_2
a3ebacb0-dabf-4488-848d-8e083a7e516a,train,1,ukr,False,False,True,chirp3_2
d4c90277-8de6-4bb8-8855-c5bcbb038345,train,1,eng,,,False,liva_1
bc4693b9-19d4-4205-89e1-baae9dd8929d,train,0,vie,False,True,True,chirp3_2
ea38ada1-7c5d-43f3-b4c4-bef1d99fcc19,train,0,eng,,,False,liva_1
ea5b7bb7-9a25-4e3a-a3c2-241e7f4cdfd9,train,0,spa,True,True,True,chirp3_1
d4f200ef-3528-4b94-9ae4-aec9b4f73fb7,train,1,ara,False,False,True,chirp3_2
a380f8f0-7859-40c3-a0f0-9679fba94a2d,train,0,rus,True,True,True,chirp3_1
9a879aad-be5a-41ad-90fc-b4c6f238347f,train,1,spa,False,False,True,chirp3_1
ea51f9d0-9d30-4d85-8850-01f6c294c97d,train,1,fra,True,False,True,chirp3_1
9a873b8d-c030-4370-a552-08fbc66cfa48,train,0,por,True,False,True,chirp3_1
bc6b9431-0879-407f-9c18-0371cd1300f3,train,0,eng,,,False,liva_1
c2414189-007a-4ed2-8c37-b60e3f1ff712,train,1,zho,False,False,True,chirp3_1
786110ab-73e6-4598-b0b5-9e00b41dced6,train,1,eng,,,False,liva_1
a3ca4a4a-2b26-4b51-a252-3755d610781e,train,0,mar,False,True,True,chirp3_2
a3aaa868-7861-4702-9008-b3f2fa6f69f2,train,0,eng,,,False,human_5
9a69c0a9-38a8-4fe2-9bb6-4aee0d03b07f,train,0,fra,False,True,True,chirp3_1
c23bee2d-2281-4df3-a22a-c45d1d49addf,train,0,pol,True,False,True,chirp3_1
d4c43130-535a-4467-bb22-5c2d30d6914c,train,0,eng,,,False,human_5
a39ffeae-2a1a-4436-8a45-0b409e3040c0,train,0,spa,,,False,mundo_1
bc5173d8-a50d-4c15-8e8e-e46b51b9f274,train,0,eng,,,False,liva_1
d4e01d56-004a-4483-89ae-85eabcae9dfc,train,0,mar,False,False,True,chirp3_2
d1cc8bac-cf84-4989-9be9-3aed9aba10d9,train,1,eng,,,False,liva_1
9a4a9d1c-64f6-4e60-86e2-7cc34be29b04,train,1,tur,False,False,True,chirp3_1
d1fd3cfa-5e80-4d0d-88fe-1923827a9d84,train,1,deu,True,False,True,chirp3_1
d4a90ddb-efb8-4ad3-ac86-262e4509bfdf,train,0,eng,True,False,True,chirp3_1
bc64df92-57fe-419e-aa4a-e21130997125,train,0,eng,,,False,liva_1
a3e72765-aab4-4756-aa74-415f30ecc7e0,train,0,fra,True,False,True,chirp3_1
9a8520f9-dc1d-4785-8238-a2c1e4149779,train,0,eng,,,False,liva_1
a3ae8fa7-0530-4bd5-b38b-7c8188f07cb5,train,1,ukr,False,False,True,chirp3_2
9a5d8c80-dca9-4af2-91d8-fb85a21089e0,train,1,eng,,,False,liva_1
1ef0be5e-2c54-4c8f-8ee3-90fce941e99d,train,0,eng,False,True,True,chirp3_1
c21a845c-5215-48fd-8fc3-8270ca7cfa57,train,1,eng,,,False,liva_1
780f0dae-6b0f-4900-9bdb-3152db2fdad1,train,0,kor,True,True,True,chirp3_1
bc45b8a8-1f23-486d-9f3e-51091afdce0e,train,0,rus,True,False,True,chirp3_1
ea68ee99-03ae-4e50-a4e1-6b06b0486793,train,0,nor,False,False,True,chirp3_2
ea420b28-6b3b-4792-b579-c02bb9ddad72,train,1,spa,True,False,True,chirp3_1
94379898-f7c7-4951-97ca-3d0fec2ba798,train,0,fin,False,True,True,chirp3_2
a3e2a56c-eac3-402c-8c17-2dddf1403c1a,train,1,eng,,,False,human_5
78327cda-0e17-4748-affc-7339aee538a2,train,0,ind,False,False,True,chirp3_2
d507669f-f1eb-431c-ad0c-9dca9c764ad6,train,1,eng,False,False,True,chirp3_1
ea5a3001-630c-4868-9db9-3ab3c7fdaa6c,train,0,eng,,,True,rime_2
78871e45-44cc-4afb-a402-c1c63ae43cac,train,1,eng,False,False,True,chirp3_1
d1dc614d-11c6-4873-bd31-034409ce0bd9,train,0,spa,False,True,True,chirp3_1
a3bf9898-4d54-412e-8287-19739dd4f2ab,train,1,eng,,,True,orpheus_endfiller_1
7857f8b1-b904-4db9-b56c-52da971effaf,train,0,kor,False,True,True,chirp3_1
943649d5-8b98-4a8a-96d0-036027c9d31e,train,0,spa,True,False,True,chirp3_1
9a766a54-f030-435b-bd37-953d433e90b8,train,0,eng,,,False,liva_1
a3f2d797-b5a1-4110-94d8-047940b7cf0a,train,1,hin,True,False,True,chirp3_1
9a417451-daf8-4743-92b8-64772f4bfcbb,train,0,eng,,,False,liva_1
bc665451-0ca9-4abb-9e11-0c40b4a3c299,train,0,kor,False,True,True,chirp3_1
1edd1057-b6ae-403a-a843-95dbb6a2c0c6,train,0,eng,,,False,liva_1
945ff5fe-306c-47f9-ac8f-7bd82fbf753e,train,1,eng,False,False,True,chirp3_1
ea96b5a9-7548-4914-b0cd-f5adbb202119,train,1,zho,False,False,True,chirp3_1
9a88c8c0-69b4-46ad-ae75-8f907e75542d,train,0,nor,True,False,True,chirp3_2
1eeced12-cd11-4976-828f-b59936d4c2a3,train,0,spa,False,True,True,chirp3_1
781e127c-8aae-4f0a-b127-32bb5ffbdd62,train,0,ara,True,False,True,chirp3_2
bc4cc1e9-062d-4f43-b803-e423f87ca374,train,1,jpn,True,False,True,chirp3_1
bc4aad79-ed6a-486b-b7c3-f59641dcb721,train,1,dan,False,False,True,chirp3_2
1f1d18cd-5ae2-456c-b4b8-18ca5e10a3de,train,1,fin,False,False,True,chirp3_2
ea3ef0d5-093c-4e59-9912-c1cf5ed7003a,train,1,fra,True,False,True,chirp3_1
9a878ec0-ef7b-46a1-80b9-826a682c36dd,train,1,deu,True,False,True,chirp3_1
c2230c19-3954-4bc5-8658-0bc46c810b99,train,1,spa,,,False,mundo_1
94250a51-752c-435e-b7c3-7393d62a5208,train,0,spa,True,True,True,chirp3_1
a3b42095-796d-4906-b0a5-400413a70879,train,0,deu,True,True,True,chirp3_1
a3edc992-7994-40d5-bf3e-0b3b09ee3f0c,train,0,eng,,,False,liva_1
d4cafd77-60c4-4f2c-8e1c-ccd2db4bb2a1,train,0,hin,True,True,True,chirp3_1
c2831215-7957-4971-97b3-63738ffa211a,train,0,eng,True,False,True,chirp3_1
d4fc8c49-6689-492f-b56e-11d782590892,train,1,eng,,,True,orpheus_endfiller_1
c23e32c1-ae3e-4f0b-9a71-29ce5e806afd,train,1,zho,True,False,True,chirp3_1
9455f750-302b-4963-8657-096e94dcaf6d,train,0,deu,True,False,True,chirp3_1
783748f2-dac1-43ba-9e16-65058a3ffb6f,train,0,ara,True,True,True,chirp3_2
c29e5556-4ce1-473e-a726-c381699756d5,train,0,kor,False,True,True,chirp3_1
1ed3a3b0-0f68-4f4a-8c11-3c085da3d7e4,train,0,dan,False,True,True,chirp3_2
c29c3542-bd65-43e9-8585-8933038ce20b,train,0,ita,True,False,True,chirp3_1
1f252f48-0911-4631-b24c-40e9ab890bdb,train,1,ind,True,False,True,chirp3_2
d1ee6ae9-949f-413e-a375-37abb76dcb63,train,1,mar,False,False,True,chirp3_2
d507dbbd-7e60-49d3-ae6b-2f4f836ff511,train,0,nor,True,True,True,chirp3_2
1f0ffc70-79ed-42a4-9cac-9b021be7bfad,train,0,pol,False,True,True,chirp3_1
9a9f4220-7609-4946-b272-f6efe0d36876,train,1,rus,True,False,True,chirp3_1
d5005522-5206-4af8-9d14-d18d8757d031,train,0,nld,True,False,True,chirp3_1
ea5927f5-eadf-48db-8f2f-1bf1ccd3bc2e,train,1,por,True,False,True,chirp3_1
1ee4954e-bfe7-43bd-87f5-8c556e2adf95,train,1,pol,True,False,True,chirp3_1
bc75308f-0cdc-4474-b041-1d5afaa60613,train,1,nor,False,False,True,chirp3_2
a3a00e18-f5d6-435f-bb88-a740ceec91d6,train,0,ukr,False,False,True,chirp3_2
d19f1cce-15ff-414c-b553-3ec1f580773a,train,1,eng,True,False,True,chirp3_1
a38f9f56-d6bf-4be7-98db-e28ef86b6d53,train,1,eng,,,False,liva_1
d505d09f-22d8-4cec-af24-611b24d64d30,train,1,eng,,,False,human_convcollector_1
a397bd70-6220-4ae9-8086-6265f5e9d8bd,train,0,nor,False,True,True,chirp3_2
d4dd21c8-552f-4d1b-bf04-194c4ae02d3d,train,0,vie,False,False,True,chirp3_2
c24268ee-ed25-4d7f-ab6c-c9f1d1c916b0,train,0,eng,True,False,True,chirp3_1
d1c62536-dbb2-4220-bf43-928c8da3946d,train,0,nld,False,True,True,chirp3_1
1ee02f7b-48e4-4821-aec7-c4ffe1c00092,train,1,dan,False,False,True,chirp3_2
1eeab838-54f6-4e34-9fa1-1718ad0326cb,train,0,nor,False,True,True,chirp3_2
787a5130-9932-4f9b-ba16-78bdad7c0263,train,0,jpn,False,True,True,chirp3_1
a387020f-37f8-46e7-97e2-e9992e5c78d7,train,0,eng,,,False,liva_1
c2546950-b878-49c5-a62d-568e74c69c99,train,1,eng,True,False,True,chirp3_1
ea5f8440-41d5-4508-b18a-c192177077cb,train,0,nor,False,False,True,chirp3_2
944ad051-0e01-467c-be30-30a9404491e9,train,0,dan,False,True,True,chirp3_2
9a5f8a53-e0a2-41b9-9aaa-196462e52b32,train,0,eng,,,False,midcentury_1
ea85dd98-86dc-44e0-8ff9-f7537351c1ee,train,0,eng,,,False,liva_1
a3a33a86-6a3c-4991-ba07-6e7b30f62ae0,train,1,rus,False,False,True,chirp3_1
9a62e744-710d-4c91-b72d-e16047476124,train,0,eng,,,False,liva_1
9a8e9a3c-04f8-4657-a50d-86cb1938f3a6,train,1,eng,,,False,liva_1
c29bcbef-5c9f-440d-be44-3d8b42e590bd,train,1,kor,True,False,True,chirp3_1
ea403b44-4bb9-4965-89f7-09b3ca767f90,train,0,nor,False,True,True,chirp3_2
1f160aa4-b491-4b3f-b8b3-ecac1b1b33a0,train,0,vie,False,False,True,chirp3_2
d4edfe1d-e80c-4aff-8286-452bfc7353c1,train,1,hin,True,False,True,chirp3_1
1eea4e4e-2f9c-4df2-a7d4-fe277f0f8c10,train,1,nor,False,False,True,chirp3_2
ea69dbdf-0e0b-4d2f-8156-807c87e364ea,train,0,fin,False,True,True,chirp3_2
1efdcbdf-aa86-4cb9-a6a4-a94df290798a,train,0,fin,True,True,True,chirp3_2
bc58231c-87d1-41f0-9f4d-38c81bf0f2e9,train,0,hin,False,True,True,chirp3_1
9458a82d-8721-4d3f-8dc8-c697aadfdc92,train,0,ara,True,True,True,chirp3_2
940d40e0-6ce7-4cc8-bbc2-34de6e768065,train,0,eng,True,False,True,chirp3_1
1f16bdad-f455-4295-ad1d-5e6420798493,train,0,hin,True,False,True,chirp3_1
9a375d63-c789-4b1d-8709-8fe8b73be763,train,1,eng,,,False,midcentury_1
94243d11-d236-48e7-b263-a84c0ef96417,train,1,ita,False,False,True,chirp3_1
c230d2c5-7dcf-47f6-a849-595108a4a9ad,train,0,eng,,,False,liva_1
d5185727-7a36-445f-b139-4dc8d6fd5d62,train,0,deu,True,True,True,chirp3_1
d4de7101-5f54-45a9-8bea-1ded927b41ee,train,0,ben,False,False,True,chirp3_2
9a823a24-6de8-4ee8-a0de-6abded597204,train,1,vie,False,False,True,chirp3_2
78063ea3-45cc-4bfe-b968-649416518e35,train,1,tur,True,False,True,chirp3_1
d19c728b-f9a1-40db-bbf9-22cb705de097,train,0,hin,True,True,True,chirp3_1
a3881156-bc39-4a31-92ca-1d33e36fc6fc,train,0,vie,False,True,True,chirp3_2
940e3519-fea1-4993-9075-aa28ca1a9963,train,0,ara,False,True,True,chirp3_2
bc4c9d15-41f8-4a1d-8e76-bd4d9518b702,train,1,fra,True,False,True,chirp3_1
bc07f884-731d-495e-b491-c6490f421614,train,0,hin,True,True,True,chirp3_1
d523855b-990b-434c-a63d-f64202fcf865,train,1,spa,True,False,True,chirp3_1
94187782-66d0-42e6-8352-61bd323b6207,train,1,por,False,False,True,chirp3_1
7862d59e-cd7e-4a30-b96f-398af8cd5668,train,0,eng,,,False,midcentury_1
ea8981e2-2f72-41dc-9e6f-bd5b172cf8c6,train,0,eng,,,False,liva_1
a3c0981c-67db-4111-9d68-91e4dbe7719e,train,0,ben,False,True,True,chirp3_2
a395bfdf-a999-47ce-805b-8767ebb57b1d,train,1,nor,False,False,True,chirp3_2
ea4fe8c4-6f73-426d-ba04-687333c4eab4,train,0,tur,False,True,True,chirp3_1
9405246d-dc02-4958-a7c9-a6fb71fb9092,train,1,nld,True,False,True,chirp3_1
1f0fee64-5ea5-41e9-b039-9a1aed33ab60,train,0,vie,False,False,True,chirp3_2
c2582302-a1fb-4df1-b305-bdb88e327c68,train,1,ara,False,False,True,chirp3_2
941add8b-5b09-4196-9e1f-785fd395e00a,train,1,eng,,,False,liva_1
d4f23850-934b-4657-b3e0-6cc648869257,train,1,eng,,,False,liva_1
9418ab59-fef8-4d97-814c-d15e66a982d4,train,0,ben,True,True,True,chirp3_2
94031a23-2d42-4cc9-8a34-5b98b1d5b55d,train,0,dan,True,True,True,chirp3_2
93f69116-325f-429e-a3d7-44e8c02cbc78,train,0,eng,,,False,liva_1
9a397260-096f-48d2-a9b3-ecf8ece28000,train,0,rus,True,False,True,chirp3_1
a385a3f9-7539-4f61-82d1-994811991d44,train,1,spa,False,False,True,chirp3_1
9454b3c8-0806-4c74-a9ce-3c849f7c8e2a,train,0,dan,False,True,True,chirp3_2
9a446aa3-8ba5-4799-9e30-87accca320f9,train,1,nld,True,False,True,chirp3_1
d4f2be65-0229-49e0-82b7-b8aca41a55bb,train,0,eng,True,True,True,chirp3_1
c29af3cf-0bee-4980-9f39-91f0f23c03e9,train,0,tur,True,True,True,chirp3_1
c237a147-b731-4fa2-a2d5-0903abaae268,train,0,hin,True,False,True,chirp3_1
a3a128ef-23e0-4b43-902b-290d985aad11,train,0,ita,False,True,True,chirp3_1
d2018f5e-3241-4610-8b9f-5060285fe967,train,0,fra,False,True,True,chirp3_1
d1bf28af-464e-4004-b88a-623885354e4c,train,0,jpn,False,True,True,chirp3_1
c23ad599-cec4-44ca-94b1-e7fb59cf4e00,train,1,zho,True,False,True,chirp3_1
c279711c-4e01-4363-acdf-1a9ec6355043,train,0,deu,False,True,True,chirp3_1
944316e3-13d0-4ff1-856a-c5f3dbacd1f4,train,1,kor,False,False,True,chirp3_1
bc83f638-fd95-46b9-9c37-2b78f513c550,train,1,ind,True,False,True,chirp3_2
ea84d29f-3d86-4af6-80e7-015b726fad88,train,0,ben,True,True,True,chirp3_2
78510a5b-8b7a-4569-966e-8fc6facab46a,train,1,ind,False,False,True,chirp3_2
ea8778ad-0037-4702-aac6-c348d48cbfb9,train,0,deu,True,False,True,chirp3_1
9a62b5ea-de81-49a8-bf72-f290cf92bf04,train,0,hin,True,False,True,chirp3_1
9ab7353a-c82a-4660-9fc8-2de92e7d4487,train,1,ind,False,False,True,chirp3_2
d4dbb15e-0e5c-4e60-bc69-1946f1c9a816,train,0,eng,,,True,rime_2
1ecb9a42-8841-40d4-96a7-6a995ada35f8,train,0,eng,,,False,liva_1
bc492d89-6301-4736-94c9-acf8aa6b4f55,train,1,jpn,False,False,True,chirp3_1
bc2a1ecb-6dbc-49d4-ae5c-49666d51e2ed,train,0,fin,True,True,True,chirp3_2
d1a30e0a-6505-42d7-bf4d-bbeb9fc5596c,train,0,ben,False,False,True,chirp3_2
bc02682b-7ee1-487d-b65a-ff9683365f11,train,0,deu,True,False,True,chirp3_1
784e0886-3d33-4874-8bb7-ab455c633d07,train,0,nor,True,True,True,chirp3_2
bc0a3d46-04f2-4d07-b319-6b59f116e070,train,1,fin,False,False,True,chirp3_2
a3a8e428-e893-4673-bc4f-a7e4c9f7655b,train,0,ben,True,False,True,chirp3_2
9a60808e-3017-4327-8ae3-6b0aebdc1ffe,train,0,vie,False,False,True,chirp3_2
a38c06be-485b-4e6b-a212-bc0d92daaa51,train,1,eng,,,False,liva_1
9a83d2e8-c644-44c5-bc92-f0012c561b5a,train,0,tur,False,True,True,chirp3_1
1ef818eb-f4e2-4f7f-96e8-deb7696270ce,train,0,eng,,,False,liva_1
9a782520-a7b0-40d3-99c1-5d3977033c00,train,0,kor,False,True,True,chirp3_1
d18e158f-165a-475e-a5dc-0f33e48603cd,train,0,rus,False,True,True,chirp3_1
1f3ee32f-b284-4f22-a4e0-62f98d90a19d,train,0,eng,,,False,liva_1
c281ad18-ad4f-47fd-93eb-891f5db10334,train,1,tur,False,False,True,chirp3_1
c237388a-c518-40ab-a622-5f436c8f40d0,train,0,ben,False,True,True,chirp3_2
1ee21958-b34d-49a1-8555-22eccc79b033,train,1,fra,False,False,True,chirp3_1
bc75a4bf-c404-4ccc-8d43-2eb9003181ab,train,0,nor,False,False,True,chirp3_2
c273b24d-b97c-4727-b3f8-21fbd6894499,train,1,ara,True,False,True,chirp3_2
d4db0d8b-9b0c-494d-bca3-581eee85cf9f,train,1,fra,True,False,True,chirp3_1
a3da7eb3-736f-4107-b5ef-2ed9a9ba8b72,train,0,eng,,,False,liva_1
9427306f-3136-46b2-8fa5-d0c766241a34,train,1,ita,False,False,True,chirp3_1
bc18524e-c61f-4b04-82c8-65b193a82e45,train,1,eng,,,False,liva_1
780cd1fd-8550-4b5a-bd9d-5cb2426061cd,train,0,eng,False,True,True,chirp3_1
93efe407-b319-4401-8add-4beea380d439,train,1,pol,True,False,True,chirp3_1
9447e57b-ce1e-4d33-bcbe-07ebc1846023,train,1,spa,True,False,True,chirp3_1
c27c6fbf-78e4-4ec4-b843-e51237a5d53f,train,0,eng,,,False,midcentury_1
d4dcb951-a8af-4197-9ded-c9ce22389c5d,train,1,fin,True,False,True,chirp3_2
d4be91b8-3b75-404d-90c4-5c1b03c6e987,train,1,fra,True,False,True,chirp3_1
9a35de50-f9ad-48f1-a6fa-89e7a3599bf3,train,1,ita,False,False,True,chirp3_1
c292f54d-56fe-42fb-be08-0f29ff394120,train,1,fra,True,False,True,chirp3_1
7864d491-b5fa-47df-a020-4531505e6c1d,train,0,ukr,False,True,True,chirp3_2
eaaf354b-7320-4b4f-b6a6-ebeeed97ecfe,train,1,eng,,,False,liva_1
ea4f4df3-209a-4bcf-a6dd-e70a26c249d9,train,1,zho,False,False,True,chirp3_1
1ef4bdad-7c38-4c27-a663-1b45ae3451dc,train,0,spa,True,False,True,chirp3_1
943139a1-46d4-46db-9a40-9cfb40c41eef,train,1,ben,True,False,True,chirp3_2
ea84a49e-1cd5-474a-91a4-29fc56a03493,train,1,eng,,,False,midcentury_1
c2376dbd-e6fa-48ce-b061-6c6722a952f1,train,0,eng,,,False,midcentury_1
1f348d80-fcc6-4ac6-9949-5706f6831cdc,train,1,spa,True,False,True,chirp3_1
d1fd4b63-8a9b-4585-95a3-07af57838486,train,0,ben,False,True,True,chirp3_2
d19d71ea-0bb7-4521-9470-31c16d14ce6d,train,1,vie,False,False,True,chirp3_2
ea8f7a5c-4895-48d3-b321-d6f04d32de26,train,1,ita,True,False,True,chirp3_1
1f061bcd-04f5-4b93-98d7-349cdd3e0d53,train,0,fra,True,False,True,chirp3_1
d1a529a4-0e7d-4469-acf2-7a90f0e0e3d3,train,1,dan,False,False,True,chirp3_2
94491e08-b947-4a26-a126-53798b1fff9c,train,0,vie,False,True,True,chirp3_2
1efe2c59-1dc0-47c3-b1b8-430ce51fa062,train,1,hin,True,False,True,chirp3_1
c270ab9e-a0d3-4a68-bb48-49726de6623d,train,0,nor,False,True,True,chirp3_2
d51e08c6-824a-4d7c-9cf3-6379f1c808c7,train,1,nor,False,False,True,chirp3_2
782e4304-9a25-45f3-ac36-cae4ccf27f75,train,0,hin,True,False,True,chirp3_1
780c2102-eb87-40f5-b6bf-eb67c213d5de,train,1,kor,True,False,True,chirp3_1
bc8060b5-f73c-4045-b205-2508d1b2e4da,train,0,mar,True,False,True,chirp3_2
d2001dd5-fa1a-473c-889c-d3be1b1058e6,train,0,eng,True,False,True,chirp3_1
d4cda2cd-61d7-4ab1-9225-0b427ba91f61,train,0,zho,True,True,True,chirp3_1
ea6854bd-d54e-48cf-9f6b-8a9be33d9f24,train,0,rus,True,False,True,chirp3_1
eab36c9a-9b5c-47cb-a238-c26050cca07d,train,1,kor,False,False,True,chirp3_1
a3ba5d4b-fbb4-45da-a4d2-54076f54d345,train,1,eng,,,False,midcentury_1
